编号	身份证号	姓名	性别	邮政编号	户口	婚姻状况	年收入	贫困原因	脱贫时间
774380	371031226055732359	邹完歌	男	355567	易增路担持社区25号		4094	缺水	2015-12-15
735601	536933602576859059	葛高数	男	727546	钟负路付验社区81号	未婚	2442	因病	2016-09-07
152379	604580969776361924	邵集禁	男	655212	倒鲜路塞致社区22号	丧偶	2891	因学	2016-08-27
341409	749935955285485539	穆令超		233063	响伴路预功社区18号	离婚	2284	缺水	2017-05-28
793255	138855895581443979	邹华诉	男	792555	幸拥路副细社区23号	离婚	4294	缺资金	2016-09-21
463049	578880450601917491	范酒成		651792	富忍路宫默社区13号	已婚	3701	因灾	2019-05-02
900179	437238467839708530	贺关倒		472956	穿坦路浪图社区84号	离婚	3510	因学	2019-04-30
134999	164803285148903747	谈竟叶	男	270586	句束路弄永社区29号		4497	因病	2017-03-07
977559	642393113453807785	邬路难		607207	密修路负京社区58号	未婚	3005	因学	2017-10-29
423732	776014970016595412	费天还	男	551796	际醒路败黄社区7号	未婚	2419	缺劳动力	2018-06-11
889204	200058414229877851	秦性基	女	448558	倒顶路奖引社区5号	已婚	2727	交通条件落后	2019-06-16
814528	400577724492896778	苏式江	男	316007	沉塞路府食社区41号	离婚	3883	缺资金	2017-05-12
679671	465583733617507276	熊治份		806621	脑健路压香社区9号		3245	交通条件落后	2014-03-22
778731	242228672060986485	凤明力	女	287710	买药路顺句社区87号	离婚	2694	交通条件落后	2019-05-20
697788	388249404959504856	毕永山	女	423630	块归路救买社区41号	丧偶	4289	因学	2016-05-08
677204	654441755571001440	花让举	女	707078	句营路善歌社区25号		3550	交通条件落后	2019-06-14
751185	246813915683448980	金懂出	女	389693	复乡路困调社区63号	未婚	4241	缺技术	2018-04-04
980543	330647802901536273	堪整养		347687	李盖路顶沉社区75号	离婚	3817	交通条件落后	2016-11-07
310211	339592636007143773	马爱娜	女	710304	义窗路靠仍社区71号		4122	因学	2018-04-06
720808	376544308984333956	韩板默		544855	单采路伊易社区32号	丧偶	4390	因灾	2014-09-29
250365	195464320698674542	陶男懂	女	226040	跑姆路盖游社区7号	未婚	4010	缺水	2019-07-07
757438	648156768471062324	章乾帮		116968	官岛路祖蜖社区6号	已婚	2573	缺技术	2016-03-12
616092	461473550547866289	谢领热	男	374262	据课路松致社区52号	丧偶	3333	自身发展动力不足	2017-08-03
442469	691622277408744193	庞清伯	男	850995	设呀路适商社区44号	已婚	4020	因灾	2014-10-16
972820	124564499499670995	蒋心商	男	159721	费副路杂费社区11号		2782	交通条件落后	2015-02-11
104320	629131062571088108	沈雄型	男	814560	广琴路卫居社区27号	丧偶	3309	因灾	2019-07-11
102913	773446660044292503	梁体客	女	484565	注阵路恩设社区53号	已婚	2428	因学	2018-08-21
448384	342683588353228411	沈周排		419638	毛供路毕谁社区24号	已婚	4121	缺技术	2014-07-03
315662	451077761697857607	项统久		391737	务江路熟存社区12号	未婚	3293	缺技术	2018-08-08
988428	545177244726429450	王拿间		650210	游欧路杂联社区49号	离婚	2211	缺劳动力	2018-06-17
941840	402553622861009339	茅影萨		109224	赛森路架据社区98号	已婚	3235	因学	2018-10-08
683250	716925149671204510	时退模		543751	须探路乱独社区84号	已婚	2445	缺水	2015-07-26
533764	806920127305349310	纪沉取		115546	初洗路乱停社区85号		2606	缺水	2016-10-14
227361	808997280448342848	狄迹本		238151	独忆路童校社区9号	离婚	4263	缺劳动力	2016-05-24
859954	663101390827572897	顾尔变	男	117598	跟珍路顺联社区49号	已婚	3855	因学	2014-10-12
574326	775778405351020767	何足竟		828352	皮萨路营致社区79号	已婚	2295	因学	2014-07-26
927669	334731223475228823	任喜月	女	450192	卡藏路呀买社区57号	离婚	3606	交通条件落后	2014-04-06
859811	196035594189980732	卫护希	男	164132	致营路健停社区35号	离婚	2609	缺资金	2014-11-16
811661	413635161861377676	孟纸没	男	152665	费村路杂图社区55号	离婚	3694	因学	2019-11-30
861082	146141179014501516	潘回将	男	696281	温亡路油消社区79号	离婚	2139	缺技术	2017-12-26
817496	511804700091270439	唐停阵		224673	诗康路江图社区48号	丧偶	2256	缺水	2016-01-31
191766	531050285232204237	时笑志		664580	考餐路散纳社区68号	丧偶	3857	交通条件落后	2017-01-17
796910	807688633484540072	董花程	男	269262	据博路忽际社区78号		2461	缺技术	2017-02-26
456000	464358715107036568	孟露其	男	349330	号银路戴参社区9号	未婚	2211	因病	2019-03-21
235909	432945166771695585	费抱鲜	男	252591	注呀路适怀社区32号	离婚	3625	缺水	2017-11-21
455061	737048298053111296	郎愿复		721669	歌遍路餐仍社区35号	未婚	3600	因灾	2017-10-21
739846	703878998530379432	禹先等		236651	买批路适跑社区6号	未婚	2398	缺技术	2016-09-17
352849	424494317237797824	喻要乐		802502	诗洛路财据社区97号	离婚	4382	缺资金	2015-09-18
448667	551225000612518089	伏停作		107499	具派路修参社区26号	已婚	3280	因灾	2014-06-02
516654	810722420577884455	项示宫	男	228216	块奶路毫致社区53号	未婚	2341	缺资金	2016-11-09
552931	485626299673029936	冯诺退	男	430358	算束路恶商社区89号	未婚	3800	因残	2015-02-19
282870	816664378532709157	安拿乐		291175	联戏路桌静社区40号	已婚	2065	交通条件落后	2018-01-13
917191	195466814891170074	邬秋吗		442220	费套路祖须社区90号		3284	因残	2017-07-19
393849	743987472033082597	卫停切		431034	细革路奶号社区71号	离婚	2098	因病	2016-11-16
239005	733490155069357114	谢夫考	女	494678	须副路鸟底社区75号	未婚	2105	自身发展动力不足	2019-12-28
985504	798550430172661354	毛束选		716184	社降路禁官社区65号	离婚	3694	缺水	2014-05-21
446476	536379348377900492	姚异满	女	817662	甚忆路狗消社区65号	丧偶	4303	自身发展动力不足	2014-08-04
992872	157951518046692050	倪狗朝		709195	纪戏路革存社区73号	离婚	3481	交通条件落后	2014-10-04
711919	650739090842580927	吴且营		238197	志归路懂怕社区14号	离婚	2827	缺劳动力	2015-11-29
934755	196645085624600791	施存靠		844899	虽奶路岛社社区20号	已婚	3768	缺技术	2016-07-14
936533	507793817034603045	梁也预	男	449787	单技路降参社区76号	未婚	4218	因学	2019-01-01
252248	421252040851174910	酆洋记		791720	蜖鸟路卫史社区82号	离婚	2610	缺土地	2019-04-01
541179	676017652893079710	时然题		762381	礼勒路凡确社区53号	未婚	3029	因残	2019-09-25
900727	458869342493589678	常典举	女	273676	歌降路良据社区10号	未婚	3581	自身发展动力不足	2017-06-27
797408	328108593725396587	毛旅社		417482	官既路投功社区62号	已婚	2683	缺技术	2016-04-04
216114	511269166620442410	宋它士	男	854038	永项路铁默社区73号	丧偶	2896	缺劳动力	2014-04-16
479676	203323677140270087	平楼口	男	452895	突委路弄响社区4号	丧偶	3759	交通条件落后	2017-11-23
512907	560288432588361391	赵般伤	女	430462	仅降路营注社区79号	已婚	2613	自身发展动力不足	2017-11-20
882677	728815904576058422	熊刚浪	女	358049	史批路宣错社区53号	已婚	3529	自身发展动力不足	2014-01-17
865898	620417966758950384	戴切士	男	422470	众乡路良富社区24号		2797	因灾	2019-10-30
311377	519508641137284693	黄方自	女	612580	梦财路江蜖社区13号	已婚	4012	缺劳动力	2016-08-17
217923	760848977292235540	廉睡伊	女	669662	买付路菜纸社区72号	未婚	3751	因学	2014-04-15
872294	656503952912176696	邹似义	女	424176	笔江路窗跟社区13号	离婚	3550	缺技术	2019-11-04
967207	344678464646121581	鲍福娘		395295	务弄路负微社区80号	已婚	3496	因病	2015-08-22
243882	556198853677987157	华败志		675238	备银路熟梦社区95号	离婚	4484	缺技术	2016-10-25
769801	780549803794322645	郑毫佛		425075	线鞋路菜卡社区29号	未婚	3986	缺技术	2019-03-21
817701	572104866842553992	窦弟干	女	250415	待散路康阿社区59号	已婚	3596	缺水	2017-11-29
749261	560819522139166763	郑莫拉		157786	社琴路探娘社区68号	丧偶	3159	因残	2019-09-13
326312	238961602402797859	陈秋超	男	337010	脑救路洛皮社区11号		3324	自身发展动力不足	2017-02-09
156749	711626044892991068	萧布竟	男	214737	食束路铁初社区6号	离婚	2977	因残	2015-04-19
650334	114346538577080364	熊组左		697915	兰奶路奶穿社区29号	未婚	3404	缺劳动力	2016-12-07
225385	616597922967808067	严卖将		671413	共油路童持社区26号	丧偶	2086	自身发展动力不足	2018-03-24
898787	296384070360309738	魏克雄	男	652956	商弹路罪永社区87号	离婚	4121	因灾	2019-08-14
503962	233333897217514913	汤弹住	男	134305	钟杂路修怕社区85号		2437	缺技术	2015-01-09
260537	230956899643416495	酆念武		728632	治盖路顶除社区3号	已婚	3942	缺技术	2016-05-27
457662	697901111836150691	纪中军	男	384828	香坦路差礼社区85号		2084	因残	2019-06-19
240565	799575916362445020	蒋质自	女	439063	静革路奖线社区10号	未婚	3706	因残	2015-09-24
314082	170698004665499847	昌干拉		749658	准压路妹居社区22号	未婚	2863	缺技术	2016-12-18
973012	511318379454391631	姜吃都		510452	永差路菜假社区11号	离婚	2940	因学	2015-07-05
702706	425980289641971171	计着遗	男	503293	刚枪路忍消社区62号	已婚	2203	因病	2014-03-12
111398	216884484778004391	郑料工		598481	验萨路妹温社区28号	丧偶	2784	自身发展动力不足	2014-12-30
567467	300979053193963795	傅派满		176616	习席路藏蜖社区28号		2316	缺水	2016-03-14
659229	267351936845683315	熊探连	女	577757	纸降路套图社区41号	已婚	3629	因残	2019-01-19
624592	112417803617657117	狄革油		265443	甚授路康独社区66号	丧偶	3650	缺土地	2017-12-08
353652	730861759217847224	周再肯	女	785810	验宣路遍功社区81号	已婚	4354	交通条件落后	2018-07-22
548586	113596950315391611	云美女	女	118758	千遍路府显社区33号	丧偶	2525	缺水	2015-07-27
867536	221686105461393752	苗约党	男	361708	室散路勒假社区58号	丧偶	4315	缺水	2016-07-25
284426	168141678035133476	柏托舞	男	371840	号毕路玛际社区85号		2889	缺劳动力	2017-07-16
250432	392877143174286216	韩间恐		503882	除翻路模念社区56号	丧偶	4433	因学	2018-07-03
377443	503590390892496450	谈众童		702916	跑宣路忽调社区88号	已婚	2049	因学	2018-05-30
262954	266167890518331580	沈妻弄		546208	具岛路悲香社区35号	丧偶	2612	自身发展动力不足	2014-09-14
695853	111742213110990060	岑之默		579471	兰超路药掉社区62号		4020	因残	2018-08-29
171176	713194415537343042	戴怪已	女	202710	食宫路投算社区52号	未婚	2032	缺技术	2019-04-27
150180	166520520946313590	卞临冲		560741	幸乱路耳独社区35号	未婚	4349	缺技术	2019-12-03
801035	403434071329572601	乐导王	男	458014	梦旧路委待社区96号	已婚	3010	缺水	2019-12-24
959026	798402813808585539	鲁里出	女	761541	养付路祖苏社区31号	已婚	3734	因学	2018-08-27
588128	773752000646282381	任助父	男	468604	谁势路欧独社区38号	已婚	2335	交通条件落后	2014-10-03
287082	591770214010369690	傅巴当		461284	血伊路欧室社区7号	离婚	3796	缺资金	2017-09-28
743872	378280920238240740	卜释暗	男	264993	富童路诺怀社区53号	已婚	4473	因灾	2017-11-26
591671	587576967380574873	米鲁哭		481852	仍勒路夏掉社区45号		3398	因灾	2016-08-26
907941	335087843575161365	余喜类		723275	持顺路餐土社区83号	已婚	3362	因学	2019-02-01
983553	369925426310915386	潘批谁		485025	永势路规脑社区88号	丧偶	3644	缺土地	2019-06-01
291273	596799968586360200	严风意	男	680997	甚孤路增举社区74号		2218	因灾	2019-07-01
878813	273154891948666939	水意园	男	438769	校宣路供竟社区93号		4386	因灾	2016-08-18
692571	614483451823666549	邹烟枪		265493	掉杰路恶究社区7号	未婚	3438	因残	2015-04-30
529237	590828215663795337	费福每		759036	功宫路拥消社区41号	已婚	2509	因学	2016-10-01
889844	390738397339276634	彭汉假	女	362157	考萨路懂专社区63号	已婚	4403	因病	2017-11-29
555485	705197744473580933	计层弹	男	270936	幸恩路营苏社区80号	丧偶	3993	因学	2014-12-01
105548	393950509597439734	冯由忘		796172	错盖路状持社区47号	丧偶	4386	自身发展动力不足	2015-02-15
418798	179529844558159353	谈预精	男	671069	哪诺路铁梦社区76号		3784	自身发展动力不足	2015-02-16
337741	200413713486196575	贺宫示	男	269415	响营路降八社区12号	丧偶	3197	缺技术	2016-01-27
912110	797165616946548177	堪害美	女	361821	卡预路休苏社区36号	丧偶	3850	交通条件落后	2017-07-31
163311	653346466842737015	余失题	男	559794	苏森路景掉社区89号		3966	因灾	2015-12-23
588394	316043658752750446	杨乾武		280506	诗诺路窗静社区59号	离婚	2468	缺资金	2014-07-27
401235	468932045049185312	柳听总		199720	幸鞋路状赛社区36号	离婚	4017	交通条件落后	2019-04-02
563050	552246562401126428	任往毕	男	750072	八萨路副试社区30号	已婚	3235	因病	2015-04-11
900339	559309711176919849	袁给办		135774	印勒路盖算社区31号	未婚	2585	缺土地	2016-05-08
735997	162829098661977960	郎单母	男	711337	改恶路窗响社区73号	已婚	2137	缺劳动力	2019-12-21
480898	142179579155588610	施旅将		745677	阳降路恋准社区71号	离婚	2884	缺资金	2015-05-05
266202	519559055909397715	岑约治		402399	参妙路九息社区87号	丧偶	2722	因病	2014-03-04
889164	598760922932470106	成课救		468482	查伙路冰停社区73号	离婚	3954	缺技术	2018-03-24
279733	601202093508087419	严卡里		751856	卡森路席诗社区87号	未婚	3522	自身发展动力不足	2016-11-12
355576	636598989318010692	伍知规	女	534731	功恩路判除社区71号	离婚	4298	因残	2018-09-12
103186	387669185417701739	邹因新		335514	娘束路宫易社区17号	未婚	4284	交通条件落后	2014-10-12
597238	581899225888604031	赵少物		111291	永藏路免号社区20号		3361	因学	2014-08-27
251408	667841160902971347	堪醒开		365011	列增路降千社区55号		3628	缺技术	2016-10-31
387175	545037022469977491	臧同花		776668	广恩路宫须社区16号	已婚	2952	因病	2018-11-14
274916	279245540385160149	任顿弄		188578	联宣路琴李社区8号	已婚	3280	因病	2016-03-07
943638	169050103250506391	罗商酒	女	638366	妇妙路散单社区69号	离婚	2718	缺资金	2019-08-03
612250	385042830791095383	杨盖又		844088	验敢路乡穿社区19号	已婚	2195	缺土地	2014-11-22
171271	412937281744942820	华默府	女	683562	息规路府哪社区46号	未婚	4480	因病	2014-09-04
874026	566392685746425794	岑改纸	女	701061	义供路席阳社区89号	丧偶	4412	因病	2019-09-29
878871	373350871190333046	花伯边		596904	专临路探算社区50号	未婚	3413	缺资金	2019-05-01
298175	812547387232736456	凤胜忆	女	674554	千鞋路缺破社区90号	已婚	2551	交通条件落后	2019-04-11
476631	736690394622594955	奚九车	男	785735	价迷路乡怕社区10号	未婚	4096	因学	2018-02-20
561947	398000630280596881	袁象把	男	579465	皮增路退句社区81号	已婚	2662	缺水	2015-05-04
215125	630014143084427326	严见站		805983	血换路松仅社区1号	未婚	3799	因残	2015-02-21
691126	560382838472039534	顾复感	男	704886	千采路牌持社区33号	未婚	3604	自身发展动力不足	2017-08-17
847249	255871852214509611	范但伴	男	315353	京压路奖灵社区55号		2828	交通条件落后	2019-07-12
352490	497799234236275286	章息干	男	840743	养府路探掉社区54号	已婚	3621	交通条件落后	2015-09-20
614298	372476885973604579	毕过活	女	801985	习卫路牌持社区85号	未婚	2145	缺技术	2014-12-14
669386	727496945893700699	毛短光		317964	举菜路童兰社区76号	丧偶	2553	缺技术	2018-07-14
286135	114168437398166880	余若枪		153197	纪秋路狗怀社区93号	已婚	4186	因残	2017-02-09
575161	243280978904949188	昌秘戏	男	178989	初预路餐考社区74号	已婚	2656	因病	2014-05-16
777248	623381658517772158	葛岁居	女	189925	礼勒路项考社区88号	已婚	2714	因残	2018-07-26
491866	146450787846290961	安双升	女	453399	居缺路村举社区96号	未婚	4101	缺技术	2019-01-04
533997	478948171899173168	俞兰属	男	681758	甚懂路技义社区62号	丧偶	2357	因残	2017-05-31
962533	185228129281500163	张注记	男	147182	游临路优穿社区69号		4064	因残	2017-08-30
517661	457251198628820965	姚付贵		152684	突宣路毕单社区89号	离婚	4198	缺土地	2014-07-06
402312	318474283542155017	葛村乱		528550	习忆路耳娘社区17号	未婚	3918	缺资金	2018-03-11
169215	555772880603429499	滕娜所	女	440961	务雄路善千社区5号	未婚	4073	缺劳动力	2014-06-29
467883	403869160564012374	卜单旧	男	780110	怕琴路伙笔社区69号	已婚	3051	自身发展动力不足	2017-02-19
648225	711368623935297950	乐公朝		212945	准拥路妙念社区83号	离婚	3938	缺水	2015-09-18
875410	755200232706423010	章八洛	男	269296	改鞋路亡图社区29号	已婚	4472	交通条件落后	2015-02-11
416717	221491791614742875	邬推活		562251	怕娜路伊号社区8号	未婚	2096	交通条件落后	2016-01-03
380997	438070204605230167	冯母亚		706289	阳珍路洗微社区90号	已婚	3749	交通条件落后	2014-07-25
912819	819933417592001016	明礼或		675114	永修路缺般社区89号	离婚	3844	自身发展动力不足	2017-05-12
267719	815683311528947872	计那与	女	501596	蜖玛路席查社区3号	离婚	3874	缺技术	2016-01-19
102429	198012557086858440	俞慢登	男	439622	考供路词初社区87号	丧偶	2332	因病	2016-05-31
224405	280382493971168404	狄压今		220733	仅凡路鸟幸社区44号	未婚	2928	缺劳动力	2017-05-05
218584	185333473158107955	祝划致	女	805037	破洛路鲜跑社区17号	未婚	2958	缺劳动力	2017-03-16
345432	119580216297569747	米游判		264652	破顺路懂议社区88号		3596	缺资金	2017-03-04
596634	745954920200218472	云派历	男	744952	幸博路耳黄社区11号	丧偶	4163	交通条件落后	2019-10-17
479875	756327212039246518	滕旁盖	男	735174	验遍路卫设社区14号	已婚	2531	因灾	2018-08-11
280681	784271003650387321	金沙能		620016	举菜路伊温社区22号	丧偶	2227	因灾	2014-10-09
260206	148643953710235304	花走雨		431109	掉既路洗幸社区38号	已婚	2997	因残	2017-04-06
376131	288772436879498385	和供弄		471707	线技路卫黄社区7号	丧偶	4367	因灾	2014-12-19
671372	716389544341443071	臧助森	男	198347	句弄路临哪社区98号		2808	缺土地	2016-02-11
451937	148201788985474049	安程队	男	237892	复洛路遍复社区24号	丧偶	4233	缺劳动力	2017-11-04
859171	420229622670332256	云浪呢		511011	灵换路诺亮社区68号		2636	自身发展动力不足	2014-01-22
759063	585693147855784068	任权息	男	239790	跟顺路健志社区39号	未婚	3505	缺资金	2015-11-25
422049	665709422836491144	费市号		603717	娘银路派确社区41号	离婚	2031	交通条件落后	2017-10-03
438294	441360488706366994	谈吸更		660948	据翻路童毛社区20号	未婚	3635	因学	2017-08-06
709896	204174372744640575	魏之堂		403231	参岛路短印社区29号	未婚	2285	缺土地	2015-09-23
270945	762081858536381681	邬角困		841733	阿奖路敢某社区40号	未婚	3136	因灾	2019-11-14
641472	387231924142735551	项对园	女	642662	卡桌路担独社区21号	未婚	4088	因学	2017-05-05
374628	796252386542608475	平顺史	女	312312	初欧路旧座社区9号	未婚	2698	因灾	2019-12-11
645514	296838627217102698	范船实	男	816050	怀浪路忽程社区82号	已婚	3142	自身发展动力不足	2015-09-23
319477	716649848849493826	范给玩	女	595066	具派路旧众社区55号	离婚	3707	缺劳动力	2015-12-25
297365	515617552429870733	于洗失		526345	永缺路预土社区57号		2914	缺劳动力	2015-09-09
850052	298100821399120207	纪数号	男	417343	梦勒路困务社区32号	未婚	3424	缺劳动力	2014-12-03
973250	389493477727557688	茅登跳		589703	改适路超仅社区86号	未婚	2366	因病	2019-03-07
218410	680620211945862226	毕松右		523765	息授路付礼社区28号	未婚	3266	因学	2018-11-15
291622	439336971020873633	花妻顶	男	237904	功诺路油基社区32号	丧偶	3205	缺劳动力	2015-04-25
169586	706240533052502099	朱杀存		402319	京压路盖穿社区1号	丧偶	2431	缺劳动力	2014-03-30
599714	391236301814587331	金府日		689871	官增路诺香社区38号	未婚	3889	缺水	2019-07-13
110183	443324887185200351	雷程法		194804	复状路鞋社社区50号		3722	交通条件落后	2017-11-19
537881	627018418725584007	沈怕价		710931	改宣路九基社区41号	离婚	4273	缺土地	2014-02-04
250169	168025952522552641	岑团冲		184739	价牌路杰李社区47号	未婚	3091	因病	2016-09-26
997727	806662459356327104	廉盛谢	女	483074	线伊路江香社区52号	已婚	3382	缺技术	2017-03-19
242262	812657611852145376	俞牛释	女	321107	掉迷路付哪社区51号	丧偶	4007	缺技术	2014-10-02
858213	114293878263204825	孟曾圣		291775	注负路鸟具社区26号		3247	缺技术	2016-01-26
102366	784576776450711553	余步午	女	288927	养免路乡句社区95号	离婚	4090	自身发展动力不足	2019-12-01
794636	497076036956737547	曹权棋		169384	商恐路盖考社区94号	丧偶	4293	缺资金	2018-06-15
863747	681956782476485775	苗术丈	女	594736	笔预路九改社区47号	已婚	2737	缺土地	2017-03-03
948175	246567245169660868	茅推面	男	478582	土退路探倒社区19号	丧偶	2120	缺劳动力	2015-11-19
764826	159364285255614878	毛公并	女	351651	义雷路坦须社区67号		3060	因病	2014-01-14
432953	401354177442242190	于证康	男	617316	静岛路博句社区65号	离婚	3074	缺土地	2014-11-03
710589	240453675117156062	柳退古		523428	密姆路耳专社区38号	离婚	3776	交通条件落后	2017-10-05
460748	475885623972148708	唐低忆	男	717349	念云路迹娘社区52号	离婚	2921	缺技术	2014-07-17
508099	668959028413452585	陈办浪		124121	娘乡路忽纳社区29号	已婚	3687	因残	2016-07-27
633394	367239332995734217	秦旁饭	女	266350	血挥路顶游社区30号	未婚	3635	缺资金	2016-03-18
581596	371571801437762847	毛直座	男	811045	养诺路凡虽社区25号		2009	因灾	2015-08-28
367542	318225448662940231	顾派律		104399	单委路架设社区22号	未婚	3693	缺劳动力	2014-01-06
171911	401009802967319194	堪州响		298664	毛景路孤须社区67号	未婚	4285	缺技术	2016-03-25
760575	706493834837127976	汤新落	男	257075	独状路恩句社区22号	丧偶	3990	缺水	2017-10-15
268635	806034989464286141	汤冰痛		532546	众秋路武句社区9号	丧偶	4074	缺技术	2014-06-07
191901	781524020905604389	岑利亲		653593	脚财路压须社区12号	离婚	4061	缺技术	2016-09-23
620316	473859614118878738	罗取健	男	855347	默牌路套千社区97号	已婚	4364	缺土地	2016-11-02
505933	612134054575981347	卞勒各		184531	破词路宫基社区48号	丧偶	3662	因病	2018-03-01
395788	598881606843622652	韩洋话		756017	脑状路杂究社区24号	已婚	2121	缺水	2014-08-30
498642	737241693347175585	姚持气	男	139684	易供路旧备社区64号	已婚	2422	因学	2014-06-29
633023	133170018270375179	秦帝整	男	857666	梦萨路靠味社区94号	丧偶	2656	缺水	2016-02-25
578655	442422472536657409	谢顾规	女	808855	纸欧路府除社区81号	未婚	4119	因灾	2015-08-12
388981	529142490980820357	计且冰		165748	列修路戏功社区95号		2467	缺资金	2017-11-07
972878	372538798579192286	郝于婚	男	652486	买银路岛致社区94号	未婚	3681	缺资金	2014-09-12
781530	275813020978621905	和奖腿		310136	仍鞋路健停社区8号		4135	因病	2019-06-20
620697	308864392404710520	朱景分		139579	价雄路罪念社区3号	离婚	3623	缺资金	2014-03-16
391055	808147346040411833	舒智早	男	388055	破宣路诺验社区20号	已婚	4012	交通条件落后	2018-08-29
692199	418971688696489830	舒养第		774941	举预路守号社区81号	已婚	2744	缺技术	2015-01-22
428013	588266688272798215	臧亲做		399266	跟鸟路项礼社区28号		3762	缺土地	2014-08-07
223609	607559994269537340	吴产例	女	563452	细预路担单社区73号	已婚	2913	因灾	2017-09-14
875732	466509675465629856	萧恶盖	女	639743	永伊路祖线社区97号	未婚	3770	因学	2016-12-11
495572	672410770257472941	魏礼必		636111	哪模路优义社区91号	丧偶	2822	缺土地	2019-01-03
707663	352492971429613310	任生弄	男	366149	甚戏路枪跟社区21号	丧偶	3959	缺技术	2017-08-20
933015	363421220931107223	卜喊招	女	348999	消鞋路卫程社区33号	已婚	2448	缺劳动力	2017-10-17
147762	161197054900087620	平船模	女	502553	社状路短某社区93号	已婚	4196	交通条件落后	2017-11-11
939296	233584064870737689	元候欢		251007	易弄路江错社区76号	离婚	3259	因病	2018-10-31
786281	765115248793507859	梁岛委	女	192961	阿药路层细社区69号		3736	自身发展动力不足	2017-09-16
672200	508035078502329407	张用怕		623173	持夏路束赛社区17号	未婚	2759	缺技术	2014-05-20
461066	444618403485433860	顾卡耳		462095	礼增路负联社区80号		3357	因病	2016-09-23
391786	144424350537359465	贺母形		306770	算乡路差具社区32号	丧偶	2429	自身发展动力不足	2018-04-29
119472	650058408069239235	安点母	男	189858	独诺路顺备社区59号	丧偶	3524	因病	2017-04-05
395792	215071995305843838	郎答模	男	138527	脚伊路九卡社区60号		2717	缺技术	2014-08-28
358116	211269060900135162	庞塞劳		544832	社摇路菜诗社区82号	离婚	4032	缺土地	2017-11-10
555142	645310060248755919	成封约	女	643754	究席路油需社区4号	离婚	3462	交通条件落后	2016-10-17
866607	586519692778241517	钱命爱		132814	痛枪路鲜广社区21号		4175	自身发展动力不足	2014-11-14
474799	350104905319516768	薛藏勒		455159	习坦路顺需社区5号	已婚	2668	缺劳动力	2015-06-15
939734	812354484849815535	柏质级	男	169213	响府路勒千社区73号	已婚	4175	缺技术	2016-04-18
422920	513310569644988833	章秘汉		264075	块免路鸟皮社区19号	丧偶	4161	自身发展动力不足	2018-05-10
189674	303992866652656913	金博落		266628	虽卫路临倒社区66号	未婚	3727	因灾	2019-04-02
749885	664982741439531488	禹台未		249679	料狗路卫跟社区2号		2453	缺土地	2016-09-16
186624	136753155588727454	尤用楼		160413	座卫路增举社区89号		2792	缺资金	2015-04-12
196063	548710866442303118	蒋解牌		742686	八迷路恩突社区98号	未婚	3128	因学	2017-07-03
358887	234774698588709732	章苦够		213208	京勒路悲联社区95号		3597	自身发展动力不足	2018-11-03
660049	506190367848407956	齐群奖	男	541434	响鲜路菜易社区17号	已婚	3835	因病	2018-07-21
468028	528094260838675356	禹物报		590848	富盖路勒停社区97号	离婚	3094	缺土地	2019-11-07
317908	806890422145841528	姜案旅		508676	错忆路鲜假社区98号	未婚	2590	因灾	2015-03-06
295681	785515898676463929	施音城		175283	倒环路玛查社区36号	已婚	4228	因学	2014-06-24
992053	613724448233910561	安越事		852698	众恩路项习社区53号	离婚	2783	缺土地	2015-06-23
127734	475606644214514721	金极丈	女	466608	痛杂路宣除社区99号	已婚	2455	因残	2017-03-05
592825	128991414705653362	祝云物	女	787803	显负路摇引社区69号		3560	缺土地	2017-06-29
594883	810720984604606567	茅取轻	男	421304	静毫路乡议社区33号		4130	缺劳动力	2019-06-07
827404	121591272853466598	汤香河	女	657558	需架路凡费社区24号	丧偶	3037	缺土地	2014-09-08
116897	690872140825423971	金木教		215091	确鲜路束共社区86号		2940	因学	2016-11-19
484108	734313068340916354	潘某机	女	366882	虽宣路判显社区22号	未婚	3511	因学	2016-02-15
595481	242925626229276779	严守明		156177	诗靠路规亮社区59号	丧偶	2254	缺土地	2016-09-28
361785	795057323229310716	任血琴	男	327205	刚势路拥算社区13号	丧偶	4282	自身发展动力不足	2016-05-19
795955	546560701619978722	皮睛预	男	699547	究诺路康梦社区88号	离婚	4429	自身发展动力不足	2016-05-01
816622	785630825734356458	苗着游	女	740554	虽模路奶竟社区32号		2947	因灾	2014-10-16
927624	374921228586293361	韦挥姑		207128	底恋路鸟阿社区76号	离婚	3400	因病	2017-12-30
534320	688650525337887999	张阿空	女	797589	蜖九路乱虽社区51号		2207	缺资金	2019-07-30
120508	518813769678257500	孙惊伤	男	193154	刚遍路救跟社区77号	离婚	2402	因灾	2017-11-15
771337	205320366493376409	贝级比	女	441207	卡阵路良初社区97号	丧偶	2536	因学	2018-01-14
258228	337894006799826845	云值缺	女	406249	需修路鲜图社区60号	离婚	3961	自身发展动力不足	2016-11-23
524604	128333249858323423	雷判划	男	630693	微担路良痛社区98号	丧偶	2836	缺水	2014-05-05
224330	549630812849942463	柳图坐	女	593925	富课路翻毛社区38号		2521	因学	2015-12-23
492753	644009324973215238	彭精友	男	192582	确忍路博程社区56号		2109	缺土地	2014-12-27
310128	773750802797784215	安被见		591445	具乱路懂专社区42号	已婚	2709	自身发展动力不足	2014-03-07
186352	504038381000425426	滕队巴	女	278218	纸盖路娜史社区75号		3003	因学	2014-05-20
791019	319045898511473205	卫智分	女	843046	养顶路孤八社区66号	未婚	2562	因病	2016-01-21
983441	209825572556612154	马妙些		130977	室雄路洗妇社区23号		2722	缺技术	2017-11-19
937259	385288927783395406	何遇默		677699	存靠路恶赛社区93号	已婚	2991	因灾	2016-06-22
321242	622035013178553843	成支精		620403	纳秋路妹跑社区73号	未婚	2922	缺资金	2014-01-22
138303	253589659374880086	昌云仍		112583	图免路恩笔社区79号	未婚	2688	因病	2019-11-25
273503	562662490216927945	杨哥授		838439	养忆路休响社区1号	未婚	3948	因病	2015-01-28
850578	676202097480054743	雷套罪	男	519310	句杰路良刚社区49号		2742	因灾	2018-09-02
363063	301799912941263449	禹和毫	女	251011	料副路缺富社区11号	已婚	3559	因残	2017-12-31
266145	810890699769010432	时处引	男	600632	怀善路暗哪社区15号	离婚	2883	因病	2019-11-20
680338	526903191748691082	戚夜久	男	427668	破暗路夏纪社区28号	已婚	4397	因残	2016-11-30
760743	333761685205474096	周批量		593705	沉伴路势细社区40号	离婚	3311	交通条件落后	2019-05-29
923695	793986823042824551	蒋官属	男	351434	刚奶路盖显社区32号	丧偶	3694	自身发展动力不足	2017-05-22
441699	578078650804300156	魏获陈		155218	倒孤路投皮社区56号	未婚	4162	缺技术	2014-10-28
235992	340246528508528006	周枪围	女	782212	室翻路欧设社区6号	已婚	3949	缺劳动力	2014-02-10
840624	538349774513062819	谈秋里	男	811996	价守路餐程社区20号	丧偶	3800	缺土地	2015-05-13
382861	546894336312896294	傅间宣		590290	座划路副注社区94号	未婚	3430	缺技术	2017-08-23
851204	201306260961251232	安主会		345999	京云路醒治社区51号	未婚	3578	缺土地	2016-12-23
935024	687964195816106368	鲍称轻		317448	笔善路药治社区76号	未婚	4027	交通条件落后	2014-01-23
786120	734316022365543089	尹突翻	女	313145	游药路环默社区61号	已婚	3756	自身发展动力不足	2016-12-11
206869	487114021062653128	章值护		227500	娘阵路拥注社区94号		3639	交通条件落后	2014-10-11
948528	377076183265207440	魏杂恩	男	749568	停守路架纸社区74号	已婚	3556	缺水	2017-04-04
736793	729278629616452857	孟口于	男	723069	阿判路听般社区60号	未婚	2783	缺水	2016-02-22
600646	590694391913964868	何客并	女	136417	考健路药究社区65号	丧偶	2077	因灾	2019-05-27
460770	267076884638312010	施试爱	男	757105	线药路忆号社区41号		2725	自身发展动力不足	2015-05-10
264510	750299291236013394	屈期模		625509	印压路奶料社区98号	丧偶	3122	缺水	2017-03-12
823436	135713422353958615	华银设		699323	列秋路雷甚社区20号		3245	缺资金	2018-05-09
699254	578607787213980113	马博定		582213	调罪路懂号社区94号	未婚	4092	交通条件落后	2016-10-07
435666	587729558079738096	张授银	女	372069	务修路餐校社区68号	离婚	3122	缺劳动力	2015-07-15
281696	594926806885707701	时志范	女	598620	务博路环际社区82号		2616	因残	2014-08-13
435558	441273459368386751	项蒙短	女	277280	温塞路守复社区21号	离婚	4211	因灾	2017-12-05
676971	510820522566753927	钱女面		618950	刚牌路弹血社区66号	未婚	2505	缺土地	2018-02-20
825987	458401408402191484	贺笑无	男	335959	钟模路退错社区48号	未婚	3775	自身发展动力不足	2019-03-16
987306	152351051855761255	郝节激		382394	亮降路毫线社区56号	离婚	2250	缺技术	2014-04-28
338212	377544564533404669	陶要马		751663	价塞路浪图社区12号	离婚	3385	缺水	2019-05-05
896851	336068754582578411	谈比成		211405	据技路岛纸社区95号		3763	自身发展动力不足	2016-07-29
331479	341408568425993524	施悲态	女	162229	幸词路珍备社区58号	离婚	2015	因灾	2018-02-16
994779	525314257153220931	滕级与		568221	钟架路伊沉社区54号	丧偶	2864	因病	2017-05-19
419717	188255274874238584	成改玛	男	694926	般江路摇改社区64号	离婚	3624	缺土地	2015-03-02
477283	323640653777035201	姚伴改		348580	怕洗路归印社区5号	离婚	2496	缺资金	2019-08-26
681495	302396541728542962	屈默枪	女	526702	歌桌路采须社区41号		4291	缺技术	2019-10-03
310115	453414560132164964	伍物道	女	122046	永鸟路敢般社区93号	离婚	2062	缺土地	2014-01-31
202812	479282084718201137	潘降够		164723	须批路修脑社区97号	未婚	4395	缺土地	2017-08-09
653177	296010533735754015	乐且族	男	440548	酒降路禁礼社区34号	丧偶	4461	缺技术	2014-08-02
192858	176189495637729726	齐精究		587915	列府路优举社区66号		3399	自身发展动力不足	2014-03-06
218076	691788142785643917	唐九去	男	507939	仍散路短食社区70号	离婚	3516	缺资金	2015-06-10
940690	772075367349613216	范电遗		347435	哪博路规谁社区96号	离婚	3816	因病	2014-06-12
836025	372249979469114548	褚雪宝		596499	脑亡路杰念社区20号	已婚	3685	因学	2019-10-14
496918	437810718148624981	毕恐级	男	169416	费村路松料社区77号	未婚	3286	自身发展动力不足	2017-11-14
600997	413257091987215445	方临仅	男	822780	千项路项存社区88号		2566	缺水	2017-05-25
847570	270316703166227411	成房双		793730	验伊路派务社区73号	丧偶	3422	缺水	2018-07-18
723747	438141463643746025	萧街根	男	336728	易恋路呀温社区79号	离婚	2441	缺劳动力	2015-10-10
513681	225310559682377027	冯刻吗	男	255508	八散路休卡社区66号	未婚	2749	因学	2017-12-01
547165	150911532546769562	李质酒		729049	底鲜路划虽社区27号		2834	因病	2018-10-07
371203	599256485620952913	张型最		479099	妇村路优痛社区17号	丧偶	2146	因灾	2014-08-12
710233	293102818117873257	蒋乱架	男	563384	线药路听际社区59号	离婚	2961	缺技术	2017-09-10
666631	376300148251926137	常则衣		509540	印归路批息社区97号	未婚	2374	交通条件落后	2019-01-01
953372	295433549004948040	费利秋	男	519499	苏散路项功社区42号	已婚	4230	因学	2015-12-10
946780	743442128102661176	蒋令梦	女	693180	沉采路雄谁社区28号	未婚	3228	缺水	2014-12-26
708203	486480334211930691	计甚对		176068	单旧路枪注社区31号	离婚	2310	因灾	2019-05-28
379394	278198482391441644	金哭造		779562	联课路超仍社区16号	丧偶	3328	因病	2019-06-26
528276	272035032172522157	俞啊加	女	433125	富鞋路授众社区13号	已婚	3306	缺水	2015-07-04
887771	641166900477424846	魏救章	男	143504	灵既路架娘社区55号		3733	交通条件落后	2015-09-20
384977	506343822841771837	孙财换		124683	史武路油务社区95号		3567	自身发展动力不足	2018-01-05
712042	597076075281015430	曹落妇		544829	诗探路夏八社区70号		3955	缺土地	2019-08-18
666251	358485177093429113	常角都	女	235626	脑雷路珍待社区95号	未婚	2719	因灾	2015-09-09
564803	789547795523764533	潘肉胡		223119	游供路鞋注社区36号	已婚	3000	缺水	2019-11-19
543852	796287268561095117	孔联走	男	179956	跑伙路毕停社区81号		3841	因学	2015-01-21
732483	486043997169558683	姚巴步	男	100214	细超路营歌社区90号		2434	缺技术	2019-06-01
879206	445856942206529695	卜推创		183673	脚划路坦广社区46号	未婚	3523	交通条件落后	2014-05-05
423941	663727254877658843	鲁查否		372506	致毕路退八社区38号		2508	交通条件落后	2019-07-20
739415	542900517393702549	臧面跟	女	146182	底勒路修具社区59号	未婚	3954	因残	2018-03-12
887637	661721505530037307	葛春冰	女	328753	怕牌路采游社区5号		3485	因病	2019-04-29
695544	519355189328708955	和汽现		367132	妇秋路超据社区38号	未婚	4199	因病	2018-11-20
240310	499921673223222419	廉用用	男	558688	脚忆路靠议社区69号	丧偶	2377	缺资金	2014-06-27
463452	730451206374115099	唐乡切	女	804339	纳九路翻细社区1号	离婚	2872	缺土地	2017-10-16
537876	625191653130390598	安床富		323081	脑忽路宫亮社区98号	已婚	2430	缺土地	2016-06-19
549579	230484086177726682	云哭让	男	663828	假卫路退兰社区99号		2545	缺劳动力	2018-08-01
678438	215072514868365396	罗伊体		816202	致临路套程社区33号	未婚	4233	缺土地	2019-03-14
806813	674952964907628766	伏森呢		123528	卡适路药底社区95号		2482	因学	2017-01-16
150917	563784052534089463	许育洗	男	184004	钟松路枪停社区76号	离婚	4021	因灾	2015-06-17
306198	667068381339964221	蒋江某		252941	究旧路判举社区75号	已婚	3841	缺水	2017-11-17
165594	710681741455818736	黄严存	男	121257	底冰路短程社区83号	已婚	3657	交通条件落后	2016-02-04
263912	430013555079400594	雷院别	女	155039	穿供路桌娘社区83号		2892	缺劳动力	2017-05-20
123890	723384419317661924	姚奖投		459674	阳雷路乡义社区61号	丧偶	2183	因残	2016-12-02
558402	156016458664598228	岑山双		717097	食森路洗礼社区47号		2438	因病	2018-01-29
222751	234414280793113230	李队证		631169	注玛路戏初社区79号	未婚	3321	自身发展动力不足	2019-12-12
400963	631652687914300546	褚办跟		306462	程窗路乡联社区95号	离婚	4198	缺水	2015-05-18
701565	173550968813529922	俞下围		507604	号投路副居社区56号	离婚	2079	交通条件落后	2014-05-19
679296	588598305423958609	郑处众		608608	哪词路束治社区45号		4038	因病	2019-11-10
790548	711020788843208650	柳须还		181451	句宫路塞具社区33号	已婚	2306	缺劳动力	2015-05-09
531189	212438488658154318	祝怕许		440803	纪迷路岛句社区70号	已婚	2848	交通条件落后	2014-03-22
147157	184036999715154273	张主席		542433	纳归路善料社区32号	已婚	3442	缺劳动力	2017-05-17
262208	723159303205289039	梁哥床	男	445602	哪祖路短费社区98号	丧偶	4265	缺劳动力	2017-09-12
887175	110897202082834093	马败丝		609307	怕伙路府务社区95号	离婚	3896	自身发展动力不足	2017-06-26
955999	506335409185694265	彭影贵	男	679881	苏财路窗持社区55号		2441	因残	2015-05-16
557450	111718767222495807	贝干打		786698	苏亡路毫歌社区21号	离婚	3336	因学	2019-07-20
297872	318445741226940970	常多玩	女	166919	游塞路差存社区87号		2391	交通条件落后	2019-03-16
146334	281723347567056213	滕朋和		317446	错败路拥广社区38号		2742	缺水	2018-08-17
449842	717251731241918844	杨会哥		672167	持席路预议社区87号	未婚	2760	缺土地	2015-02-06
392318	125243492636810965	邵连战		209982	假岛路府确社区25号		3963	因病	2018-11-02
853202	700869085096908211	顾啊伯		820153	妇枪路雄仍社区37号	离婚	2121	因灾	2016-08-03
359833	475121279951153025	苗职府		420662	仍降路营列社区93号	已婚	3306	缺劳动力	2018-06-22
970999	117949038770341080	常从视		383424	除盖路担黄社区51号	未婚	3801	交通条件落后	2019-02-23
715524	360885184860123459	唐恶阵		150123	温秋路亡显社区1号	未婚	4351	因病	2014-09-15
267390	344248499486514489	廉今赛	女	760889	千降路套列社区15号	已婚	2445	缺土地	2019-10-25
464903	439513293767592249	郎门光		178781	纸顶路守易社区9号	丧偶	2888	自身发展动力不足	2016-02-02
916007	647387536772223136	卫存刻	男	108834	图喊路采掉社区95号	已婚	4032	因残	2016-10-26
229675	487584072401598225	倪阿离	女	566033	除伊路禁改社区9号		3657	自身发展动力不足	2018-02-13
189497	232818193963436276	卫安精		774831	怕勒路临细社区20号	未婚	4287	因学	2014-07-27
620640	634579426356200010	时办恐	女	543948	跑忍路项阳社区73号	离婚	4254	自身发展动力不足	2014-04-24
718261	653293400175921096	章内护	男	264821	仅狗路亡买社区14号		3729	缺资金	2015-06-03
485410	367813396651656152	谢朋亲	男	664890	算休路鸟亮社区29号	未婚	2781	交通条件落后	2019-12-20
809647	297664299004385225	于视肉		264129	般桌路付永社区38号	未婚	2452	缺劳动力	2015-07-09
721321	224041220446578889	戴统对		738624	味娜路恐志社区39号	离婚	2148	交通条件落后	2018-09-11
834066	177566005127772590	钱坚她		547611	千恶路词志社区34号	已婚	2124	交通条件落后	2015-02-15
762570	571146013870404977	傅十继		763940	致杂路忆基社区71号	已婚	3233	自身发展动力不足	2018-11-29
853645	171993395124597623	殷靠李	女	703528	印归路毕买社区28号		4165	缺技术	2018-02-06
256535	492681646462085355	任怪节	女	418704	单词路耳印社区80号	丧偶	3642	自身发展动力不足	2015-06-11
189314	336832625824020715	常伊止	女	534852	细忍路呀默社区29号	未婚	3409	缺技术	2016-12-07
956295	626165652044731605	滕牙革	女	405181	默坦路窗务社区29号	未婚	2268	缺土地	2016-02-25
418347	160625071236057852	薛须属		751042	社批路换八社区91号	丧偶	3855	缺水	2015-12-23
730588	458861865919781547	祝干强		438482	联懂路敢掉社区36号		4044	缺土地	2019-01-12
771430	800850267347888620	陈争活	女	671762	务降路临广社区32号	已婚	3801	因病	2017-08-09
371653	461480695938170461	董身诉		335392	习枪路油基社区62号	已婚	2783	缺技术	2017-07-16
969267	771955911230643200	禹标腿	女	820447	调救路营微社区92号	已婚	4082	因病	2017-05-19
628361	242108488579428066	邵相血		457122	土玛路遍毛社区7号	离婚	3441	缺劳动力	2016-03-08
526082	249103803350562686	魏饭退	男	622917	座败路环座社区82号		2398	缺技术	2016-03-24
876113	710951479677322480	黄叶束		484055	校束路划静社区33号	已婚	2531	缺水	2015-04-15
632703	256283472863952035	齐乡同	女	467709	共松路营改社区20号	未婚	2849	自身发展动力不足	2017-05-31
878649	392263085246013594	卜掉慢		469710	灵财路江歌社区55号	未婚	2952	缺技术	2015-04-09
931833	125382757008055442	禹没夫	女	535365	破妹路退停社区58号		3806	缺水	2017-08-24
730232	528996515714898878	唐适数	女	452909	赛状路娜印社区7号	离婚	3305	缺技术	2017-01-11
813615	698366857851249122	韩争既		440327	怕换路批改社区98号	未婚	4348	自身发展动力不足	2018-12-15
185004	328828001744086333	贝德乎	女	575288	诗娜路雷确社区1号	未婚	3527	缺技术	2015-05-06
314532	127704210781554062	柳换号		623849	社营路松号社区67号	未婚	2571	因灾	2017-01-23
773854	433375312004107297	谈断出		323790	确迷路罪脑社区60号	未婚	3437	因学	2014-03-12
180093	750969757726859905	马招必	男	304331	掉悲路凡须社区60号	已婚	2684	缺资金	2017-02-11
717775	273615183569243856	祁帮营		110754	味杰路恶灵社区20号	离婚	2803	因残	2014-12-05
529536	365306191419569428	喻局失		766896	纪财路坦密社区44号	丧偶	3529	缺土地	2018-05-11
635201	137539551062297297	常边修		709900	静村路伙默社区8号	丧偶	2016	自身发展动力不足	2018-09-02
682973	163284316402156413	袁块黑		160717	幸势路伴蜖社区42号	已婚	4133	自身发展动力不足	2016-02-19
860766	361056779109423338	鲁店介		430247	费毫路增毛社区7号		4075	缺劳动力	2019-11-24
403746	339586831638343452	卞负怎	女	335656	沉修路项突社区86号		4374	交通条件落后	2018-01-03
809862	698910052621274141	滕星健		643131	官九路探血社区80号	丧偶	2157	交通条件落后	2016-06-21
877622	708191022754127869	乐息计	男	229082	举顶路项义社区95号	已婚	2984	因学	2015-07-09
515991	241148762134888137	安息些		224121	义松路顶究社区38号	丧偶	3192	缺资金	2015-07-15
501352	184581111956484175	范顿胡		387445	皮退路亡众社区7号	已婚	3804	交通条件落后	2015-04-12
269398	125195707375232601	史份口		200412	歌降路划印社区88号		3498	缺水	2014-04-27
258011	585863540105409812	褚纪讲		163518	际冰路凡倒社区70号	已婚	4168	自身发展动力不足	2015-02-19
485506	155615429753493891	戚塞灵	男	630603	错席路雷念社区22号	离婚	2809	因灾	2017-08-29
831163	179095567927323340	唐党贝	男	211952	息桌路娜穿社区81号		3473	缺技术	2017-11-27
958635	659638331611798532	孙该非	女	687224	八采路弹价社区91号	离婚	3372	因灾	2018-07-28
402069	214063752508122752	毛七礼	男	132787	虽项路探娘社区49号		3157	因灾	2017-01-10
399672	162133917973142109	康平与	女	396365	确负路弹钟社区60号	丧偶	2790	因灾	2016-11-14
166100	315267128703266278	马书使		344260	京迹路景商社区3号		2666	自身发展动力不足	2017-08-24
991645	793907003951645475	祁升外	女	313356	史财路弹钟社区52号	未婚	2502	缺劳动力	2015-02-20
145038	275035365549024169	傅退命	女	555501	蜖旧路负仍社区12号	离婚	2387	缺劳动力	2014-04-28
227485	523797417542471641	孔拥烈		816248	块松路熟赛社区67号	离婚	2871	因病	2018-10-04
735054	585688084386160484	项设命	女	608562	土压路洛血社区6号	离婚	3855	缺技术	2018-04-30
785983	524761469259331787	尤正劳		159909	跑菜路冰持社区82号	离婚	3369	因残	2018-10-19
377448	290487519622306645	卜头便		469780	仍桌路恩调社区55号	已婚	4437	缺资金	2015-01-12
306545	746019083220345368	金排角	男	610228	功环路毫议社区96号	已婚	3834	因学	2014-01-31
291852	669859592734898321	康棋合		107484	千靠路弹纳社区54号	未婚	2009	缺技术	2015-12-20
530272	222107511961809748	平露同	女	114374	礼超路乡引社区77号		2029	缺劳动力	2014-01-11
443933	349502042374083840	堪轻门		788960	持供路萨据社区46号	未婚	3987	因灾	2017-05-13
467831	188713815337126117	曹断文	女	717045	显增路拥沉社区8号	已婚	4191	交通条件落后	2016-05-26
130471	616410934996776187	施所之	男	439674	校规路勒破社区54号	丧偶	3222	因残	2019-05-28
606946	408303834866136126	伏说馆		355535	消博路童虽社区93号	丧偶	3102	自身发展动力不足	2018-08-26
646270	731486559615160661	姜营灵	女	218975	静挥路守钟社区81号	丧偶	2670	因残	2017-11-07
149362	816820888480124867	计列坦		659539	图欧路困共社区41号	离婚	3888	因学	2016-11-08
968917	661217058769455952	时中增		728265	注府路景密社区27号	丧偶	2779	因残	2019-10-28
583658	616722964897064019	朱银社		525676	参迷路珍破社区71号	丧偶	3719	缺劳动力	2017-05-24
203580	353543429203018856	尤汉言		271097	某差路秋改社区30号	已婚	4336	因病	2014-07-17
770694	371363857354574512	皮死士	男	127354	味藏路戴黄社区83号		3385	交通条件落后	2017-01-19
765097	646239210946590193	柳笔还		194789	除弹路退歌社区79号	离婚	2659	缺劳动力	2019-04-30
868241	791698274407641904	卫渐休		427249	仍罪路亡史社区6号	离婚	3934	交通条件落后	2017-12-15
200543	608633499944182289	李适油		453963	史戴路优引社区70号	离婚	4235	缺劳动力	2014-02-18
429139	524426483243326017	水居暗		746484	专救路听志社区46号	未婚	2771	缺劳动力	2017-08-27
848561	557064578006535525	臧放假	女	307645	单败路迹掉社区74号	未婚	3731	缺土地	2019-11-21
352480	818121997307887435	卜职艺		618639	调伴路预独社区12号	已婚	3366	缺土地	2015-09-11
117088	209530378393078667	钱今流		383131	务凡路守习社区80号		3198	因学	2015-07-10
926176	624983239378508269	雷窗中	男	139631	议牌路琴广社区44号	未婚	3221	自身发展动力不足	2014-01-05
995332	675949984035067919	俞待尼	男	765273	礼罪路雷响社区85号	已婚	4469	自身发展动力不足	2017-01-27
193335	740496964383228524	史须银	男	827765	梦困路欧须社区89号	已婚	4114	自身发展动力不足	2017-01-10
567940	632627202712588015	禹等忍	男	656327	印暗路盖考社区73号	离婚	3970	因灾	2014-02-11
393211	132380858242887061	葛低禁		428558	程珍路喊基社区56号	未婚	2920	交通条件落后	2018-07-11
368195	277074193268366696	冯停期	女	648015	错架路藏怕社区86号	丧偶	2111	缺资金	2017-03-30
199579	622552696539336897	苗森纳		543211	阿珍路夏甚社区48号	离婚	2561	缺技术	2014-07-12
347383	810615523416304231	喻如任	男	124045	专投路摇试社区89号	离婚	3912	自身发展动力不足	2018-03-10
415815	545450983540614221	潘朝应		222031	存戏路冰竟社区96号	丧偶	2007	因学	2016-09-03
747694	817818232272908969	华坐端		566265	备鞋路玛印社区35号		4152	因残	2019-11-10
539702	478919624672427510	伏带	男	671334	调戏路景易社区1号	离婚	2956	缺土地	2015-04-10
526535	197889624588352389	祁初差	女	387701	基听路呀血社区64号		4243	缺土地	2015-01-17
250662	524046798610605929	史律千		694507	际懂路牌八社区73号		2039	缺技术	2019-04-21
873534	352949458308910055	凤住士		602071	甚毫路九礼社区56号		2521	缺土地	2018-02-28
621459	804671902005957315	柳该痛		696987	穿差路恋确社区87号	已婚	4379	因灾	2014-12-09
473779	813651215066089615	贝何看		666737	纳卫路弹调社区55号	丧偶	2757	缺技术	2017-07-25
608046	262756092109914286	姚况考		824916	块奖路顺调社区37号	离婚	4040	因灾	2016-09-30
485512	597543961597902404	曹满法	男	501684	易良路恋待社区9号	离婚	3539	自身发展动力不足	2019-01-28
729803	574449936407068360	邵下看		687619	幸技路菜消社区19号	丧偶	4081	自身发展动力不足	2016-02-29
659374	528709981014264618	姜令王		830615	初云路临究社区25号	已婚	4411	缺技术	2016-04-20
883264	699803894430077869	成象切	男	236077	验席路超独社区52号	丧偶	2298	因灾	2017-09-29
955484	411554327318870002	滕导连		131974	广博路缺跑社区72号	丧偶	2044	因病	2014-06-07
637675	459787591735701177	史快恶	女	467379	京差路云存社区32号	离婚	4034	因残	2016-06-16
393276	116464410053063543	马莫于	女	702372	李副路九存社区46号	离婚	4150	缺土地	2019-10-17
504014	513910717573296115	陈高摇		741242	参临路派待社区15号	已婚	3270	交通条件落后	2016-10-17
394284	389493447034372886	酆月怪	男	810954	际毫路伴笔社区99号	未婚	2020	因残	2015-05-31
718969	213832648695516472	伏解全	女	775867	密副路妹蜖社区62号	已婚	3646	因残	2015-07-05
363288	156020406993355389	郎吉技	男	585795	联恋路桌须社区59号	未婚	2824	缺劳动力	2014-03-06
782586	701561106887339041	陈曲泪	男	685889	线临路财响社区74号	已婚	2754	缺资金	2014-09-29
246657	189136164419032438	伍较姐	女	204286	谁戏路鲜歌社区79号		4225	自身发展动力不足	2019-01-24
640228	634345696517373038	喻米艺		164507	费娜路休破社区7号	丧偶	2368	因学	2015-03-01
312622	654221312545639929	安段念		613269	究娜路卫义社区97号	已婚	3779	缺劳动力	2019-03-04
853347	254592435129098969	米首奇	女	762130	联降路祖八社区23号	未婚	4157	因残	2015-02-24
978655	816140407658251484	伏以脚		130238	皮景路挥梦社区9号	未婚	2271	缺技术	2014-05-28
645254	356297874781835778	郝花专		274401	息增路罪酒社区26号	丧偶	2439	缺水	2014-04-30
755652	680339065127886357	梁乾暗	女	490478	阳缺路归笔社区72号	未婚	2293	缺土地	2018-11-14
662451	272259785382002065	李章店		683172	穿恩路供居社区32号	离婚	3697	因灾	2015-09-01
177969	539404237273672000	卜细划		784924	血暗路退卡社区78号	离婚	3343	因学	2014-12-02
690806	736364493380160230	乐艺因		654144	习熟路敢跑社区83号	丧偶	3444	自身发展动力不足	2015-04-20
299839	702060978908772211	姜曾夏		620783	仍盖路敢怀社区85号	离婚	3783	缺资金	2017-10-20
196029	685538544433122381	姚胜丽		602374	究祖路毕娘社区15号	已婚	4370	因学	2016-04-26
832955	184294546251520226	萧喝同	男	273585	底洗路顺号社区6号	已婚	4052	缺劳动力	2015-05-19
259874	583933668662069975	纪题出	男	337249	礼妹路规土社区74号		4077	自身发展动力不足	2019-07-29
243255	536257444762357747	柳笔经	男	541279	土凡路牌联社区51号	已婚	3542	缺土地	2019-12-12
663871	717160586631056664	穆觉费		179880	准付路休梦社区47号	已婚	2622	因病	2018-12-15
678697	738842090706757394	李哥规	男	464135	史摇路桌掉社区75号	未婚	3662	缺水	2015-03-30
800650	784581485133223140	舒戏都		505370	义采路降默社区12号	未婚	3422	因病	2016-10-17
655521	414927092825144739	堪境希		594236	线伙路餐礼社区20号	已婚	2486	因学	2016-08-09
189419	800978592933796892	乐喜备		739029	脑良路藏味社区19号	未婚	3778	缺水	2015-03-31
112734	698388952687718646	祁书护	男	164159	细换路欧试社区12号	已婚	3449	因灾	2016-10-31
814349	297903001356874937	任兰能	男	492528	假营路铁哪社区55号	已婚	4329	缺劳动力	2016-02-09
637302	666139460269829399	柏恐伤	男	116904	初玛路宣般社区1号	已婚	4304	因病	2014-11-06
674294	321405158161178537	邬醒佛	男	375884	确划路桌息社区20号	已婚	3928	因学	2014-07-30
747310	411868560716995719	伏穿暗		846869	卡康路财室社区58号	已婚	2130	因病	2019-05-17
460377	760220679201146093	魏温尽		806814	座席路洛纸社区6号	丧偶	4484	因残	2015-08-28
776059	464165928637461885	汤技特	女	193259	功批路投脚社区9号	丧偶	3891	因灾	2019-10-17
506320	794820261670904887	卞曲帮		541246	钟药路村毛社区41号	未婚	4120	缺技术	2019-12-05
833447	279539705867426534	章革科		503633	妇摇路超千社区53号	已婚	2812	因病	2019-03-30
391670	627239374571859882	酆吗祖	男	845406	八藏路醒某社区95号	未婚	4144	缺土地	2016-05-22
243018	300728437032526143	岑证恶	男	703414	亮琴路课改社区45号	离婚	2324	因学	2019-01-19
504581	778003030456686339	葛结习	男	445754	仅优路临李社区61号		2067	缺劳动力	2019-09-02
966119	494323580073024600	纪呼往	男	732675	破伴路铁众社区61号	已婚	2688	因病	2016-07-18
849089	345798981477113039	祝通课		475059	味委路萨掉社区90号	丧偶	2489	自身发展动力不足	2015-12-31
652889	395406923448070391	马勒题	女	667859	某遍路银虽社区94号	已婚	2492	缺劳动力	2018-10-25
857641	562219001706386992	邬帮印	女	821857	京套路挥复社区22号	已婚	3459	缺劳动力	2019-06-19
251336	641565452612551865	孙奇母	男	788123	致既路醒致社区71号	未婚	3667	自身发展动力不足	2015-12-17
553683	421007784848250493	窦正忍	女	613811	究武路桌议社区76号		4265	自身发展动力不足	2014-11-22
847442	223917987838745717	潘值戴		735120	座采路环倒社区17号		3351	交通条件落后	2014-03-31
151575	516933968207797083	秦十客		811711	脚狗路听列社区68号	已婚	2568	自身发展动力不足	2016-10-10
174517	747887194389005371	毛围科		722681	座乡路困义社区8号	未婚	4209	缺技术	2017-12-21
297732	440309189747513373	舒脚遗	男	364150	千祖路降苏社区59号		3552	因灾	2016-08-16
620177	228202488207227914	沈堂须		697678	密判路萨纸社区75号	未婚	2792	缺技术	2015-03-03
422948	811602877388400609	任际像		771267	李革路良温社区5号	已婚	2816	自身发展动力不足	2015-05-09
584764	155979794804330044	何风究	女	439639	微宣路听参社区54号	丧偶	2896	因病	2018-11-27
319467	121672313869574796	鲁优计	女	666344	费呀路云竟社区65号	丧偶	2172	因学	2019-03-20
386555	735186379486218338	鲍局否		638148	破顶路革阿社区46号	未婚	4186	缺技术	2019-12-14
729997	133344588712683224	鲍乡背		447067	复塞路顶倒社区38号	丧偶	4448	因残	2015-10-30
865851	226759354867389143	米急警	女	148835	备禁路熟永社区31号	未婚	2024	交通条件落后	2018-06-10
132622	263040280371782152	曹识恐		847669	黄善路鞋号社区4号	离婚	4347	缺技术	2015-07-25
124208	283907103140370352	吕示排	女	536842	虽浪路挥破社区77号	未婚	3233	缺土地	2014-11-08
462602	776615025291927012	陈流园	女	439309	致喊路困广社区77号		2473	缺水	2018-11-19
931210	132315578492997040	彭旁红		585178	礼戴路欧错社区41号	已婚	3137	缺技术	2016-10-25
612959	339939926728365843	柏道汉	男	624199	验坦路铁基社区27号	离婚	2615	自身发展动力不足	2014-06-09
800371	611780263143704481	薛治者	女	794532	线超路醒价社区33号	丧偶	2578	自身发展动力不足	2019-12-25
532874	303210916111901981	施无翻		806059	块毫路药基社区30号	离婚	4411	自身发展动力不足	2018-07-01
892517	519700182234170585	彭走普		497859	功岛路戏纪社区20号	离婚	4250	缺土地	2014-03-02
896983	197843938119514134	傅界琴		781519	块景路珍存社区58号	未婚	2172	因灾	2016-11-05
493983	491465498969160431	傅目睛		584244	纳禁路短养社区83号	未婚	3305	因病	2016-02-20
450536	245157645021964307	凤伴边	男	291072	习杰路恶专社区16号	已婚	4384	因灾	2018-10-18
842450	349683739911766315	邬点居		712414	印革路府专社区12号	未婚	3534	缺资金	2017-12-28
404723	335249488331886750	岑初听	男	650202	注童路敢响社区89号		2657	因病	2019-11-23
375345	777612576710620673	魏烈同	男	848033	志餐路戏千社区37号	已婚	4296	缺劳动力	2019-01-19
235486	567467836912496119	明妻江		204703	土恩路散据社区94号	未婚	2111	缺技术	2018-09-18
184826	337792143971689146	鲍鲜追		654852	料乡路乡持社区74号		4338	交通条件落后	2014-10-16
355250	716764579103480977	褚果正		551592	京窗路授显社区72号	已婚	4272	缺劳动力	2014-07-06
627166	802490797687099234	鲁要系	女	804611	香塞路层味社区36号	已婚	2338	因病	2016-01-21
495545	782031357534259656	花慢低	男	265234	卡担路九假社区9号	已婚	2029	因灾	2014-04-15
468418	189198411027618555	贺文点	男	441872	纳供路派响社区60号	未婚	2269	因学	2016-06-27
546649	746036515841882243	尹属此		848945	穿博路禁调社区94号		3412	交通条件落后	2017-01-05
479094	643852803171175047	窦教饭	男	624082	价担路听专社区75号	未婚	2280	缺水	2017-03-02
862996	175666947923580512	计莫排		232155	灵恶路架具社区71号	已婚	3501	因灾	2017-07-04
200258	785305015996642642	张退张	男	609506	验九路遍游社区12号		3710	因灾	2014-05-13
207998	408281570694175575	纪守馆		699575	社模路临停社区55号	离婚	2040	缺资金	2014-10-06
288352	772743395253383287	梁万烟	女	736394	念恶路守广社区37号	未婚	2839	缺土地	2019-06-16
971040	647593754924865899	姜弟机	男	201123	消革路戏独社区36号		3442	自身发展动力不足	2015-01-19
928344	416597962564090797	彭金稜		360984	般禁路规单社区26号	丧偶	3184	自身发展动力不足	2017-08-10
732135	687193833086721486	苗坤重	女	526669	血退路投礼社区45号	丧偶	2183	因学	2018-07-29
693122	138121167012026762	时德它	男	220232	诗妹路词温社区87号	离婚	2284	因残	2016-02-10
189029	630881027483217283	姜毕亲	女	262785	印森路采印社区17号	丧偶	3774	缺劳动力	2017-05-23
978083	116908049726092165	吴你创		538321	亮归路营志社区64号	已婚	4016	因病	2019-10-03
329861	201196277574005075	曹跳引		334471	香压路束商社区39号	离婚	2955	缺水	2019-01-27
208265	590180050461698768	柏下单	女	586735	基敢路既血社区7号	离婚	3929	交通条件落后	2014-11-03
518512	508891688111110986	陈文空	男	348655	仅姆路鲜微社区85号	未婚	3264	缺劳动力	2019-01-06
189101	601592560932614597	杨急假		252802	居善路翻初社区18号	未婚	3574	缺水	2019-10-13
159274	522907741074471201	明希极		456448	引妹路套纸社区50号	已婚	2309	自身发展动力不足	2014-07-05
333591	525698037577249141	苏南苦		288310	专喊路窗幸社区2号		4064	自身发展动力不足	2019-04-22
845452	476535734296501718	方冲友		834927	香供路挥除社区26号		4138	缺劳动力	2019-05-02
548322	447112475680478983	韩修坤		227270	苏耳路森联社区13号		3250	交通条件落后	2014-07-26
153990	624303349796690188	陶室止	男	711070	备敢路醒假社区48号	未婚	2536	缺技术	2018-05-09
567971	697407168142355194	庞飞友	男	348266	响桌路财苏社区95号	离婚	2484	缺水	2019-06-22
907625	601984707233679667	喻群弹	男	676868	块禁路归游社区63号	离婚	4263	自身发展动力不足	2015-03-29
274592	693873026060541723	孙少九		394492	沉娜路窗哪社区62号	离婚	3242	缺技术	2018-05-23
465777	646183774024439699	潘星推	女	178513	议姆路伴独社区74号	离婚	2601	缺土地	2014-02-06
913305	705455443587247280	贝趣丽		402463	史判路环皮社区89号	已婚	3751	缺水	2019-06-16
441080	726848698892111923	方改价		333200	广杂路恐仍社区54号		2909	因学	2019-07-09
730995	470581290098317592	卫坐因	女	307870	习云路修倒社区51号	已婚	2548	缺土地	2016-07-15
116035	517493334582907632	皮写武	女	675815	富诺路卫费社区76号	未婚	4383	缺技术	2014-06-12
176765	391632063952506191	穆哥警	女	242657	沉敢路坦查社区56号	未婚	3856	因学	2017-05-23
163825	674009864045564388	谈亡翻		752949	号珍路弄须社区94号	丧偶	3119	交通条件落后	2015-10-18
840339	463479741044364587	尤仍统		565537	料凡路压阳社区37号		4480	缺土地	2014-04-06
200830	348072936253417202	彭育验		660668	史童路恶香社区22号	已婚	4055	缺水	2018-10-22
460361	634534743916333368	周着唱		221064	香牌路划纳社区97号	未婚	3535	缺劳动力	2018-08-28
286447	602843101349499870	邬用长		433725	破宣路武改社区58号	未婚	3779	交通条件落后	2016-08-22
443435	240897261210111298	米盖利	男	679022	倒困路良妇社区73号	已婚	3800	因学	2017-04-13
284434	734053235960554743	史吉脑		179631	纪免路娜线社区1号	已婚	2083	缺水	2014-12-24
543851	538777993408000945	黄又八	女	476182	酒奖路博谁社区73号		2256	缺土地	2017-07-10
662192	633069169825291374	康设哥	男	741970	校塞路坦句社区9号	丧偶	2157	缺资金	2014-11-09
483781	286509191354019710	庞遗境		390465	纸盖路换共社区7号	未婚	4214	交通条件落后	2018-10-06
904744	220069937030174422	苏秘律	男	477226	义负路欧赛社区91号		3173	因灾	2019-08-28
254825	603542713718054593	韦月条		147430	突景路弄永社区40号	离婚	3955	交通条件落后	2018-12-01
126822	614668435728707699	祝点说	男	504604	际修路翻致社区6号	离婚	3212	因病	2019-02-20
128000	154397005294699424	彭烈足		254007	众奶路困块社区27号	未婚	2945	缺资金	2019-12-08
318000	757197830019641844	严村菜	女	794423	痛康路鞋穿社区71号	已婚	2570	自身发展动力不足	2018-04-29
671991	398263498876365080	章深查	男	632136	验懂路宫纳社区45号	丧偶	2428	缺技术	2018-06-03
359617	116419043042688482	袁宣止		431479	跑乡路投费社区41号	未婚	4192	缺劳动力	2017-10-22
525830	436826866100014704	鲁单命		729983	居萨路盖费社区19号	未婚	3231	交通条件落后	2019-04-22
532179	467554021771038620	王藏负	男	585941	持卫路玛算社区39号	已婚	2440	缺劳动力	2019-09-05
563123	484924806407545349	贝趣招		656690	哪靠路狗复社区85号	已婚	3112	因病	2015-09-15
181642	277717500965121163	岑甚题	男	789567	掉救路冰念社区78号	未婚	2071	缺技术	2017-09-08
565031	652367547586763881	云众般		116241	料架路博竟社区29号	已婚	4436	缺土地	2015-02-13
787827	243577758245643335	谈险另		292530	买宫路课初社区93号	丧偶	2455	因病	2015-09-23
354134	317381023887745602	岑退老	女	338345	沉萨路博印社区73号	离婚	4488	因灾	2019-10-20
960173	169208904893708380	薛达果		611361	娘九路压蜖社区14号		2359	自身发展动力不足	2014-05-21
220567	666005710951590375	邵爱远	女	247467	般熟路适持社区62号	离婚	2787	缺土地	2017-05-29
669972	124272114043874162	伏雨英		438300	议冰路雄史社区2号		2638	因病	2017-08-22
874566	515076337460515806	魏知塞	男	824508	设适路靠梦社区98号	丧偶	3316	因残	2016-12-23
711407	607793677400991761	喻十济	女	767365	倒呀路采治社区57号	未婚	2792	缺技术	2018-04-29
109477	322923767418280092	花果每	男	139150	幸悲路缺试社区39号	未婚	3816	缺资金	2017-08-11
373598	444715795287678559	华冲斗	男	724000	静桌路恩亮社区19号	离婚	2702	自身发展动力不足	2016-09-14
144537	773032092268403241	岑吗段	女	267146	试雄路鸟跑社区85号		2096	因病	2015-11-06
361366	234181743285659038	潘喝当	男	591565	须弹路雄专社区22号	离婚	4340	因学	2015-09-07
889791	378795957714145699	罗案座		423880	养忽路批共社区9号	丧偶	2937	因灾	2018-12-13
706075	425480656492895600	孟已棋	男	143464	基雷路康诗社区51号	丧偶	4345	因学	2018-01-09
827767	398274589512282041	梁装儿		451973	列听路革沉社区58号	未婚	2062	因病	2019-12-11
846151	800351862183339348	安条口		669016	存鸟路环念社区58号	丧偶	2701	因学	2014-09-12
796715	132885726309751238	蒋即念	女	572867	列迹路岛注社区30号		2542	因病	2019-02-04
911401	768436893241372747	皮济仅		380750	费降路银酒社区8号	离婚	2779	因学	2015-07-29
354343	447812421466099690	戚惊菜		577277	富萨路恐单社区89号	离婚	2230	缺水	2019-01-08
533114	573772038287742488	谢助急		121013	亮祖路桌京社区29号		4343	因病	2014-02-07
279136	768344183463258746	蒋味财		663478	蜖欧路狗永社区64号	离婚	3715	缺土地	2014-12-23
184373	297355165293946507	茅恩强		538224	八良路环八社区75号	离婚	3285	交通条件落后	2018-08-31
873598	374845565705955107	华怕跳	女	689762	句迹路伊甚社区85号	未婚	3551	因学	2016-02-27
238694	242388277435554597	雷西岛		116335	功塞路府举社区41号		3609	交通条件落后	2018-02-03
967982	315935326003911746	郎介宣		271218	价喊路恐史社区49号	未婚	3824	因病	2014-01-27
622894	671557107334601370	邹模电		641809	破付路架基社区8号		3933	缺水	2017-10-27
508314	174857947218970548	潘竟警		270755	价适路醒李社区45号		2713	缺技术	2015-12-17
445296	145768894944462893	苗味鲜	男	439677	设派路洗破社区61号	已婚	4289	因残	2019-04-06
767019	749537965843404691	计远诺		648322	试拥路孤举社区29号	未婚	4418	缺土地	2014-12-29
744557	133463597622297968	葛米脸	女	856370	块娜路洛习社区61号	未婚	2139	缺土地	2019-03-12
313528	177689695462131179	华脚和	男	859011	座洛路付须社区18号	未婚	2949	因病	2014-02-25
333476	315150952557233513	郝六村	男	621020	准铁路童脚社区71号	丧偶	2648	缺水	2019-01-05
268008	137846254614470804	韩术持	女	280776	买遍路宣校社区40号	离婚	2790	缺水	2019-06-07
501983	415677486621504779	雷几现	女	663784	室毫路听线社区14号		2391	缺资金	2014-01-23
726647	753481431836594709	熊品南	男	414721	妇九路遍确社区28号	离婚	2526	因灾	2016-09-04
710118	493091377636691562	吴它以		383420	消村路忍联社区78号	离婚	3047	交通条件落后	2014-07-05
763983	580502772368619081	昌华里	男	661188	掉桌路欧室社区85号	丧偶	2135	因灾	2016-05-14
107975	274249899667980942	窦剧依		127287	千批路云假社区75号	已婚	2154	因残	2015-06-17
149114	662010784972854507	周早敢	男	842140	虽祖路规备社区14号		3772	缺技术	2017-07-16
155238	366364085083039039	张怕爸		500053	千增路缺阿社区14号		4422	缺资金	2018-09-07
225138	812281621482685202	章市泪	女	635840	据珍路适纳社区60号	已婚	3300	缺劳动力	2017-11-14
221720	430770966844455769	汤精约	女	383222	易负路靠息社区40号	离婚	3158	因病	2018-02-18
597347	733650172485885697	屈展皇	女	772346	脚归路藏笔社区5号	离婚	2221	因病	2017-05-17
483164	298178580431802236	黄担失		699232	赛窗路层毛社区99号	未婚	2101	自身发展动力不足	2014-12-15
540065	123851813596854419	柏致牛	男	639349	注景路萨句社区96号		2045	缺水	2015-11-26
420113	808283898752655757	梁礼浪	男	498473	参鲜路探脑社区60号		3157	因灾	2019-10-19
599393	584644009301851763	鲍识激		221814	八悲路散幸社区61号	离婚	3744	因病	2016-02-19
982318	439776507651910280	许赛周	男	546386	列换路菜仅社区6号	未婚	4148	缺资金	2017-10-27
253422	272900903195717374	项前望	男	342414	富健路摇脑社区52号	离婚	3800	因残	2019-10-26
119568	805624780406540815	安久长	女	193325	底餐路雄错社区8号	未婚	2134	交通条件落后	2015-10-01
155243	565716456347527058	尹惊困		356248	竟迹路宫际社区74号	丧偶	2703	缺技术	2019-01-14
689892	421077621468249218	戴历马		376591	共戴路铁准社区52号	已婚	3189	缺劳动力	2017-11-29
766239	167531439265255022	伏神		615015	注村路守究社区90号	已婚	2132	缺技术	2017-06-23
110316	273238761821506590	邬打典	女	202444	富适路毫毛社区4号		2988	缺土地	2015-05-05
131270	818351794465182204	杨永介	女	737830	费雄路娜静社区61号	离婚	3506	交通条件落后	2016-01-30
977369	720632580186370361	罗原达		140724	香词路判费社区89号	已婚	2172	交通条件落后	2019-02-06
191123	237263413488523422	戴找架	男	433210	需弄路乡调社区40号	未婚	2805	缺水	2018-06-08
793925	409005531680625824	禹云念	男	470531	列划路套卡社区76号	丧偶	2674	因灾	2014-05-13
245256	689450222335057231	梁还业		725302	味翻路枪错社区4号	已婚	3269	因病	2018-04-21
351847	163633208815757706	何求从		430242	举挥路卫突社区30号	丧偶	2875	因学	2019-12-14
813654	350465799272668115	明杀土		369419	社银路浪注社区37号	离婚	2097	因残	2018-04-05
984679	465898455298429706	俞笑諣		689181	沉乱路杂存社区26号	未婚	2775	缺资金	2017-03-15
212251	733321443585099436	冯已方		229829	黄罪路狗纸社区19号	离婚	3779	交通条件落后	2015-11-13
943580	364515046886847476	昌座宫		254988	卡盖路岛消社区43号	未婚	2774	因残	2018-02-27
743707	404732536519807309	康印当	男	369692	确康路熟引社区68号	已婚	2770	因残	2017-07-13
680683	158998788047865922	方典影	男	717181	功宫路云习社区13号	未婚	3793	缺资金	2017-09-17
362933	532859839726231064	葛站相	男	859232	沉退路鲜存社区86号	丧偶	2180	缺技术	2018-07-29
140335	536558640193754835	喻科沙		193110	众增路村块社区97号	丧偶	2077	缺劳动力	2019-12-09
857154	160930820444038701	花哪育		529571	广判路判沉社区89号	未婚	2522	缺水	2015-02-20
426283	353629610385121060	项爸写	男	153022	议伙路委致社区83号	离婚	3810	缺土地	2019-01-31
714084	526793008863544631	熊尔三		187707	复萨路伴议社区65号	离婚	4395	缺资金	2014-08-04
929411	552126467007804911	奚节江		847947	温担路超习社区58号	离婚	2867	因残	2016-04-19
478891	704741036251851938	计烟月		403490	单恩路恶细社区76号	离婚	2819	因灾	2016-04-03
679741	110213121913654241	施架*		664792	静阵路童料社区90号	离婚	2014	因灾	2016-12-16
243314	122023479088174382	华浪姑		188726	香妹路菜际社区1号	未婚	2333	因残	2018-10-24
673125	206243426712311399	平会总		661706	义休路琴商社区83号	丧偶	3159	缺水	2015-07-30
555798	369745154282055317	时整亲		207658	准戏路束假社区39号	已婚	3322	缺劳动力	2015-12-07
688437	183909066266782213	方遗姐	男	758777	阳投路禁务社区19号		3378	因灾	2014-08-15
744914	670193923048778504	廉入友		137768	千摇路增刚社区17号	离婚	2126	缺水	2019-05-06
587899	779415538769969472	姜展判		396663	试奶路浪句社区97号		2317	缺水	2014-01-16
646712	492676963019474936	伏单究	男	490690	据旧路救显社区24号	已婚	3746	缺水	2015-09-17
252239	436927017792668413	姜且快	女	282098	仍规路缺习社区18号	离婚	2642	交通条件落后	2018-04-05
740174	431071346845531168	酆仅性	男	445894	妇府路适义社区74号	已婚	3440	因学	2015-07-02
239110	364016596723232152	滕举送	男	708640	香雄路毫血社区96号	丧偶	2596	因病	2015-09-25
441208	259587377782421476	孟况长	女	566645	纪云路短味社区34号		2686	缺技术	2016-01-19
406861	651230904667727667	金术见	女	446473	密环路负众社区7号	离婚	3093	因残	2017-03-28
840733	372138395976171265	毛产德		519433	某坦路欧引社区35号	丧偶	3542	缺技术	2019-01-07
737609	644978544294918676	李草福		718703	治景路批兰社区49号	未婚	2529	因病	2018-06-11
223145	438828296444986888	彭狗恋	男	815479	程适路差价社区94号	已婚	2550	因残	2018-07-27
683157	565706455714143694	卫权许		643421	仍良路熟治社区91号		4286	因残	2016-08-31
688563	622730091736175264	凤手姆		195217	幸守路盖除社区5号		2620	因灾	2016-01-27
789609	541701008352895531	平父男	女	549175	议耳路负需社区38号	已婚	3817	因灾	2017-07-09
592816	389235361671309602	马别靠	男	159368	味挥路窗单社区20号	已婚	3138	缺水	2017-11-03
311617	383757149000365747	郎遗层	女	151359	官敢路委句社区34号		3109	因残	2017-09-28
963859	770130067162770575	陶苏刻		795464	某困路乱具社区58号		3944	缺水	2015-11-05
281299	293176213651319303	倪座哭		408012	图忽路良存社区33号	已婚	2908	缺资金	2015-04-24
562813	496439385069934687	邹令靠	男	852476	消探路守默社区53号	丧偶	4056	因病	2015-11-02
377573	245200108176824233	祁价戏		512655	仅姆路预引社区2号	已婚	2708	缺技术	2014-12-17
762989	791905688790048932	苗托中	男	163637	阿营路翻礼社区22号		4295	缺土地	2019-09-11
613260	544599230018948996	郎司精	男	383429	具勒路既香社区77号	离婚	2465	缺技术	2015-09-07
143048	525841133629410465	谢顺十		414260	皮雄路规微社区40号	已婚	2893	因学	2018-06-06
122996	683449687745863805	金何陈	男	578710	歌博路听社社区4号	离婚	4176	缺劳动力	2016-07-07
341958	425350304742671172	华超收		536681	习秋路暗费社区86号		2061	缺技术	2015-06-14
541757	320123989046544881	金州降	男	644477	功项路优室社区23号	离婚	2045	因灾	2017-02-09
503296	456549135695359225	郝礼格		549366	赛戴路鲜静社区69号	丧偶	2619	自身发展动力不足	2018-03-01
981567	196338579252325345	苗增可		812923	基伊路翻务社区60号	未婚	3637	因灾	2014-07-23
927628	178961584378422364	凤家发		311302	谁塞路恩座社区78号	未婚	2770	缺土地	2017-07-17
888093	391236165540086025	毕吗值	女	258502	哪恶路拥妇社区47号		2776	因灾	2019-04-03
977020	378645870306803005	鲍沙东		784745	礼守路既块社区9号	已婚	2562	交通条件落后	2016-10-08
119739	666460459354661485	杨近姑	男	836762	易词路康致社区46号	已婚	4256	交通条件落后	2019-10-15
686563	551951407192871682	陈系响	女	496456	致景路守际社区96号	未婚	3635	因病	2014-12-14
266800	145849380637019193	葛马供		335500	座奶路童校社区26号	已婚	4359	因学	2016-08-18
731428	782027901477987819	于速弟		312276	备授路弹妇社区22号		2365	因病	2015-09-20
417797	497775335150417072	米懂适	女	211401	社技路规价社区49号	离婚	2159	缺劳动力	2014-08-05
722108	685970407098135086	俞全组		761667	复势路革准社区6号	未婚	2792	自身发展动力不足	2016-03-15
921154	123108645957601463	严飞喜		145871	费顺路卫酒社区28号		3468	缺劳动力	2018-07-11
989647	721894159564583214	郝局建	男	419601	改珍路窗黄社区91号	未婚	2002	缺技术	2019-08-13
605507	269213072927022295	卜案国		167756	改束路归温社区1号	未婚	4386	缺资金	2019-01-03
292497	792464361305957241	祁跳干	女	502992	钟差路恋举社区23号		2695	缺技术	2018-05-15
612310	450678248813095177	花者戏	男	150981	跟景路祖料社区29号	未婚	2591	缺劳动力	2018-07-05
346312	818882654359531847	毛发司	女	256673	脚束路亡复社区49号		2709	交通条件落后	2019-10-27
782424	114432865359407234	章边每	男	271208	务模路弹致社区87号		4372	自身发展动力不足	2015-02-19
617122	332920269644132425	计已米	男	329979	富困路妙香社区94号	未婚	3973	缺土地	2019-08-22
851604	142929711355191913	董品呀	女	432465	务诺路药黄社区76号		3416	因学	2014-03-12
413597	575570439578343222	元价窗		756651	句预路休黄社区63号	丧偶	4291	缺劳动力	2014-11-16
284067	429883711210844737	皮雷连		283335	李杰路乡治社区93号	离婚	4133	缺土地	2019-09-11
330363	639405598712739391	唐牙赛		546995	阿恐路靠沉社区14号	已婚	4278	缺劳动力	2018-10-24
650885	388478474057278398	于华能		367370	查束路雄注社区78号	离婚	2703	缺技术	2015-02-19
671892	567448921786959986	舒转子	女	293609	密杰路架共社区29号	离婚	3347	缺资金	2014-11-21
521220	800937493687574934	陶鲁悲	女	590154	跑休路杰沉社区99号	已婚	3419	缺劳动力	2014-12-31
955737	154585236567907523	庞觉清	女	245792	念呀路云座社区64号	已婚	3753	因残	2017-08-01
161936	605587276167092156	吕蒙跑		356859	义敢路顶须社区69号	离婚	2652	缺土地	2016-03-22
491037	189069806139133219	姚珍商		579427	程敢路采梦社区88号	离婚	3142	因病	2019-10-21
460561	222200302350317625	汪且设		601001	程宣路负注社区42号	已婚	2631	缺土地	2018-01-28
780748	278103467112892565	于超度	男	660204	千乡路懂待社区29号	丧偶	3773	缺土地	2017-08-17
934288	301445029533403576	韦哭受		532281	笔差路拥诗社区65号	已婚	3434	因学	2018-07-11
801286	398815483584327657	俞受离	男	316056	际毕路靠参社区14号	未婚	4184	缺土地	2015-10-14
846818	710113828025064337	孔达惊	女	543851	温换路弄梦社区86号	已婚	2996	缺土地	2019-01-08
822374	691089008991437298	金准联		498816	广超路救确社区89号	离婚	4462	自身发展动力不足	2016-11-24
606943	462396335277855017	尹变盛	男	598064	脚浪路妙千社区13号	未婚	3896	因残	2017-10-14
994879	181884046582949965	汤年鲜	男	430194	某采路席京社区60号	丧偶	2784	缺水	2015-10-18
545772	720912524355041317	殷村休	女	226508	假划路九致社区63号		2654	缺技术	2015-09-28
525405	299998112360918388	柏言必		238886	买束路靠习社区26号	已婚	4419	缺资金	2016-02-12
912576	432947956887348518	李客使		283109	仍忍路增居社区80号	已婚	3553	缺资金	2017-10-06
457415	697916140708521949	韩进架	男	250025	沉担路杰八社区43号		3916	因灾	2016-02-02
487074	737516895124556090	魏适哪		440268	灵迷路狗甚社区40号	未婚	2898	缺资金	2019-02-18
352881	190094061212629429	鲁着算	女	437668	李熟路缺志社区83号	离婚	3574	缺劳动力	2016-06-12
304958	775605999503656411	戴害查	女	277495	谁伙路顶块社区46号	未婚	2629	因残	2015-12-14
122724	375632265902163005	于缺说		386326	息状路救八社区50号		4046	因学	2015-08-07
900899	205014681136400465	卞生类	女	571422	算鸟路采八社区22号		2960	自身发展动力不足	2015-08-16
411739	613831031671554346	伍快妙		246030	句技路冰某社区34号	未婚	2096	缺水	2018-12-19
325344	763905689404892305	项免等	男	531090	响醒路忆皮社区46号	离婚	2401	交通条件落后	2018-12-07
851551	395965099839479205	柳变换	男	768047	专醒路适梦社区32号		2049	缺水	2014-01-16
556979	569134742033112163	郑察分		676073	娘架路戴需社区38号	未婚	3538	缺技术	2015-10-30
801171	275166923635863217	酆基常	女	674482	易超路弹验社区85号	已婚	3963	缺技术	2016-12-13
152255	663452906559979503	邬救园	男	172223	阿雷路耳社社区95号	离婚	3680	缺水	2016-03-25
653930	745719964314434799	成联红	女	246247	富环路席验社区27号	离婚	2078	自身发展动力不足	2017-04-02
155220	786526108150721271	廉管皇	男	417727	细杂路杰须社区56号	离婚	4389	因残	2016-09-16
812473	599419576061041103	俞品旅	男	346032	兰优路窗皮社区5号	丧偶	3244	缺土地	2015-03-05
437230	411520521548593795	柏秘写		803143	跟担路优列社区69号	未婚	3443	缺土地	2019-07-23
587154	284427552847616219	董好游	女	447695	验束路供梦社区26号	已婚	3236	因灾	2016-05-01
731690	273381393629958412	曹怕束	女	732162	刚娜路环兰社区77号		2512	缺资金	2014-07-12
130582	556730897585482865	罗默念		485946	线欧路听官社区96号	丧偶	2308	缺劳动力	2015-12-14
955508	534184264167786603	赵向异	男	347653	料遍路凡笔社区74号	丧偶	3314	因灾	2014-06-18
717091	321462065540604159	汤查通	女	431913	沉营路翻居社区95号	已婚	4027	缺水	2019-07-04
224503	542795024417000796	陶教告		719342	须摇路探兰社区12号	已婚	3369	因残	2014-01-08
984582	539202079130977664	何造健	男	465003	独江路鸟养社区1号		3697	因残	2016-11-27
544810	618112862528636862	邹备谢	女	760509	破败路雷消社区93号		3606	缺土地	2019-02-03
579187	566169979533281335	张她力	女	351691	具宣路败座社区40号	未婚	2743	缺资金	2018-05-19
855481	474196072881877902	施手中	男	450691	游伙路熟亮社区57号	离婚	2188	因残	2015-02-08
590321	283948863574430950	水八西		729970	买规路忆毛社区88号	丧偶	2473	因学	2017-08-04
985332	576317703591871826	贺简睛		634521	般武路凡阿社区25号	丧偶	3968	自身发展动力不足	2016-01-16
767891	342101139425937781	平低室		527431	功架路恋静社区32号	离婚	4212	因学	2019-12-09
534098	803913719000528793	柏切得		348263	初鸟路菜务社区43号	离婚	4186	缺资金	2018-08-28
605003	420183132662736423	李旅收		184669	温顶路归初社区45号	离婚	3451	交通条件落后	2018-08-12
497910	552983372074172643	唐场观	女	619769	脚喊路退居社区69号	丧偶	4490	缺土地	2018-04-17
909284	236877141144865753	滕某叫	男	241763	议旧路罪甚社区4号		4298	因灾	2019-03-30
145049	371553383104238461	喻纸招	女	777270	治洗路词虽社区21号	离婚	2710	因病	2014-08-04
113952	536854629713360821	毕十礼		158397	仅菜路委治社区35号	未婚	4156	缺水	2015-10-01
970588	392801395458075035	岑车血		826688	穿状路窗千社区32号	未婚	4068	缺劳动力	2015-11-10
297484	574803203576070372	陶律任	男	348236	突阵路塞纳社区97号	丧偶	4463	因学	2015-12-28
900012	766071807288458355	云验亡		245594	备敢路萨准社区7号	离婚	3199	自身发展动力不足	2017-08-15
555816	339899137345436832	罗环怪	女	381442	际摇路鞋查社区72号	未婚	3936	因病	2019-07-29
550940	320045522473597453	黄尔验	男	189564	味迹路顺微社区85号		4187	缺水	2014-09-30
326968	313956868565325798	贺六与		665133	举毕路云甚社区22号	离婚	2232	缺劳动力	2019-12-26
762472	399494253971082756	屈哥歌	女	453578	细雷路杂般社区86号	已婚	4110	因学	2018-03-26
413661	360988233305224092	齐另文		651263	跟罪路森阳社区31号	已婚	3572	交通条件落后	2018-05-05
332586	154992075215702475	殷响种		516511	买悲路层仅社区55号	未婚	3348	缺土地	2014-10-28
563454	389644269187432695	顾斯啊	女	442551	般束路投钟社区79号		3561	自身发展动力不足	2018-07-29
679940	161046949877207604	窦退日	男	650016	游席路忽社社区73号	已婚	3836	缺技术	2017-11-11
161684	503731686251905330	顾于木		751520	需云路负李社区86号	离婚	3151	因学	2018-01-12
581187	180742068319846516	康停阳		593884	须探路顶纪社区19号		2186	因学	2014-07-24
339865	733958513924990604	屈际军		740820	微妹路秋社社区86号	丧偶	3009	缺技术	2017-02-04
249779	564125165434987377	马属难		449096	钟银路拥设社区35号	未婚	2263	交通条件落后	2016-04-08
636246	578614952314624241	乐含星		527244	谁束路禁仍社区87号	未婚	3891	因残	2018-12-27
150145	666871586404241792	庞尔分		606215	块短路云广社区2号	离婚	2057	因学	2016-05-21
160635	162699943910603530	殷尔班	男	780403	赛景路岛钟社区29号	未婚	4337	缺水	2019-11-26
118676	328503133547043734	杨#等		657529	备毕路投功社区45号	未婚	3535	自身发展动力不足	2015-10-18
471209	525411826556242481	米投转	男	678937	礼毕路探微社区97号	已婚	3041	因学	2018-12-08
278278	680311692237908848	史角势	女	259025	蜖油路环消社区46号	已婚	3539	缺资金	2017-04-11
908465	279231221991491259	孔办露	男	805429	联善路词钟社区29号	未婚	2135	缺水	2019-10-08
602132	709228373894785450	水复水	女	173018	纪夏路词破社区74号	未婚	4121	因学	2014-09-20
413877	195713947427484680	华喊退		453479	赛毫路休脑社区86号	离婚	2620	缺土地	2019-09-11
718950	782578469628257754	马姆席		261459	考散路技掉社区46号	未婚	3563	因病	2015-03-16
653778	273420793108975093	康却品	男	691215	亮诺路担脚社区15号	已婚	2272	缺土地	2016-02-21
561096	719711269303177732	李跟出	女	676371	须乱路恋究社区30号	未婚	3802	交通条件落后	2014-03-26
214783	785078699401436772	赵宝将	女	483695	显增路优待社区91号	未婚	3764	因残	2014-11-19
456350	552772650207706659	昌器易	男	304805	游短路熟脚社区54号	丧偶	2939	缺水	2015-09-11
268741	600357645009473720	戚背牛	女	721430	务翻路翻跟社区79号	已婚	2773	因残	2018-07-28
469340	179661810320592222	邬反弄	女	139997	血勒路救阿社区36号	离婚	2949	因残	2019-02-28
333484	306158557454070020	许充儿	女	346108	注困路欧怕社区3号		4327	因病	2015-06-06
148256	480417992613649942	邵天建	女	560998	社玛路拥密社区16号	已婚	3465	因病	2014-07-25
674889	567730353457252500	戚收除	女	719593	调付路恋妇社区80号	离婚	2962	缺技术	2014-05-25
716595	192253580114491140	明肯差		525805	块规路恐梦社区16号	已婚	2164	缺土地	2016-08-17
668394	650854766073463456	马节站	男	389763	倒药路良痛社区12号		3279	缺技术	2016-07-28
736555	238226829273408920	沈字知		507841	需耳路康赛社区66号	丧偶	3089	因灾	2018-03-04
558456	420576670976980472	任懂旁	女	592482	味副路增千社区61号	离婚	2109	缺资金	2019-11-06
793538	162633903881632473	姚桌乡	男	234204	买康路课复社区71号	离婚	3785	因病	2016-05-01
740581	422760153249493815	堪学阵		686324	谁玛路架笔社区11号	未婚	2440	缺土地	2017-05-02
999199	406920666550132733	禹恩希	女	264017	专耳路景众社区35号	未婚	4149	缺水	2014-04-26
769908	668880398982067933	秦显海		388371	味狗路盖持社区15号		3610	因病	2015-06-24
918608	271882573716576099	马合治		323792	印环路伊卡社区67号	丧偶	3449	自身发展动力不足	2014-09-11
405252	454447258710387919	祁调饭		134408	独餐路江纪社区12号	离婚	2425	因学	2014-07-09
147125	190728426441157360	贺号水		253383	引困路伊需社区94号	未婚	4365	缺土地	2016-08-24
856960	621610609506903597	贺求但	男	724805	跟勒路状习社区96号	丧偶	2719	缺水	2018-09-05
278214	558338616533396881	王研书		710139	掉忍路旧香社区46号	未婚	2537	因灾	2017-05-18
519020	789527989870939478	舒宫象	男	306553	验敢路拥广社区11号	已婚	3478	缺劳动力	2014-02-04
566508	792192506768661385	孟更园	女	455553	校姆路束号社区67号	未婚	3524	缺水	2018-06-23
749697	764196752571413881	廉致座	女	516722	念杰路乱灵社区83号	已婚	2403	因学	2019-06-04
989369	315041954171823911	孙月鱼	男	116942	块卫路娜显社区15号	未婚	3892	交通条件落后	2017-11-15
800348	372594068396046217	穆激创		472341	算探路杰显社区60号	未婚	4291	因残	2015-01-09
353319	455217490137379546	平木黑	男	167324	号童路恩居社区94号		2004	因灾	2019-03-22
693950	762282943796965598	罗看且	女	685768	阳鞋路恶微社区71号	离婚	3575	缺劳动力	2016-07-17
593859	300003912330689230	郑密指	女	835350	掉付路禁掉社区2号	未婚	3220	因灾	2016-10-16
537701	318842996844625431	茅管妙		470991	共遍路救消社区77号	丧偶	3325	自身发展动力不足	2017-08-05
995015	263539932295184123	纪加边		185504	亮势路供停社区52号	已婚	2117	缺技术	2016-11-30
266393	586308486560547190	梁官具		789705	号宫路亡游社区80号	未婚	3604	缺资金	2019-02-14
865194	398403636823557806	任错十		822214	游杰路耳需社区6号		4127	交通条件落后	2017-05-03
850126	437448076109775618	伍边出		594697	基药路毕治社区47号		3045	因残	2017-04-21
982328	752541240375186799	平研顿		380904	京牌路珍谁社区92号	离婚	3718	因灾	2018-03-16
289953	390465247867265211	吴口恐		484582	块课路窗治社区76号	未婚	2147	因残	2014-05-23
916287	431234652953209101	禹放鞋		287051	怀超路诺富社区51号	未婚	2430	自身发展动力不足	2018-05-09
136110	425689706414179333	袁错将	男	335615	念云路浪室社区68号		3337	交通条件落后	2017-01-22
928954	743316605153014117	卫联怪		387406	易塞路杂倒社区42号	丧偶	3596	因病	2018-05-25
923103	764605937347950909	孔录睛		308078	试财路架专社区52号		2703	因病	2014-06-26
666520	551689993431561278	堪又睛		168374	复乱路免土社区49号	丧偶	3801	缺土地	2019-08-28
319669	165389744588670635	马修跑	女	641076	验狗路狗响社区48号		3059	因残	2018-03-25
364593	440336687430405742	苗闻失	男	665591	诗罪路顺娘社区65号		4106	缺劳动力	2015-07-30
799220	643976693926160199	郑算那	女	602678	块超路免皮社区34号	已婚	3774	因病	2017-05-29
175606	567068303970122516	窦帝家		658519	跑武路玛般社区79号	离婚	3401	因灾	2017-07-30
921855	625045515126825178	元格够		471037	图救路伙座社区43号	已婚	3046	因病	2015-02-01
935458	779364679923329018	毕价似	女	785552	京靠路勒验社区90号	已婚	3949	因学	2014-07-30
857982	156741236944027693	毕集言		382197	香旧路恐存社区15号	丧偶	4128	因学	2015-07-31
654606	238109721298223274	孟低鲁	女	333143	礼鲜路规具社区28号	离婚	2683	因灾	2015-01-15
400625	813732675302059953	昌谈波	男	539061	念琴路牌易社区60号	离婚	3057	因学	2014-08-04
386381	190108096659734786	孙觉土		643689	基良路戴酒社区62号	未婚	2521	缺资金	2016-01-15
251737	241580445167859992	余第对	男	598534	甚洛路委仍社区35号	未婚	4089	因病	2014-07-02
963481	492726175254892859	方风因		640350	举敢路靠味社区58号		4134	自身发展动力不足	2014-08-26
162435	756191852868615968	余喜平		159714	专浪路负细社区71号	未婚	3644	缺劳动力	2019-09-30
519910	272672488204570412	云须米	女	734217	费投路萨查社区53号	已婚	3582	缺劳动力	2016-10-23
290886	405163709376778350	舒势松	男	427177	味词路迹谁社区84号	离婚	4138	因学	2018-09-22
917060	430910987826308789	任长尔		174578	沉遍路败治社区44号	丧偶	2482	因残	2017-11-03
855907	653490209976937924	贺理投		447220	备村路牌举社区35号	已婚	2357	因灾	2018-02-15
776153	489530283460464437	沈超南	男	219744	印岛路餐微社区64号	已婚	3125	缺水	2015-08-24
375070	417388340528780456	项遗思	男	308589	李银路模亮社区55号	丧偶	2858	自身发展动力不足	2018-05-09
737888	377822799695424642	周居失	男	583434	刚雄路忆娘社区37号	未婚	2342	因灾	2018-12-27
623408	378137820273201691	时叫易		148737	灵预路雷史社区68号		4158	缺资金	2018-05-26
448800	649179790088173540	雷汽江	女	486191	富模路伙毛社区56号		2571	因灾	2014-05-12
973321	544618894640416345	窦界师	女	589814	细投路既妇社区42号	未婚	4091	缺劳动力	2015-02-21
327622	767991070189721480	茅功艺	男	252254	确凡路宫确社区91号	丧偶	3951	交通条件落后	2019-09-30
462352	707872400892732459	凤索容	女	285145	刚武路状议社区79号	未婚	3926	因学	2014-08-12
424060	271914553588519819	卜等此		427915	般奖路夏调社区84号	离婚	3388	缺水	2017-05-17
354440	782546111304272529	滕责帝		733726	验忆路临微社区20号	离婚	2955	缺水	2017-10-19
218710	705252259661392300	梁观曲		575276	图拥路恋八社区72号	已婚	4210	缺资金	2017-07-20
769694	376594659461997942	褚脚同	男	664474	停康路娜默社区50号	已婚	2883	因病	2019-07-15
241020	749377405508893581	常获察		639154	跑批路财假社区72号	已婚	3476	因灾	2018-02-02
409389	179266903470886950	严古艺		261426	苏忽路秋纳社区37号		2380	缺劳动力	2014-02-21
155479	380079822655537596	邵除料		171951	养洗路弄密社区14号	离婚	2713	缺土地	2018-05-27
733255	526965219000674131	禹史曾	女	354987	兰塞路伴程社区76号	已婚	2749	缺水	2017-07-08
187659	382837278216220147	任然批		246247	京宣路妙义社区73号	丧偶	3520	因灾	2019-11-13
693857	393810548934843290	萧费习	女	699282	专孤路凡钟社区77号	丧偶	3723	自身发展动力不足	2019-06-17
381386	723657339718458416	周暗闻		642135	纸卫路雄妇社区13号	已婚	2632	交通条件落后	2016-12-02
759394	595813579660058710	岑报任	男	738242	持遍路江钟社区42号	已婚	3915	自身发展动力不足	2019-11-08
101560	769862783881991715	岑兴甚		142535	引欧路席显社区12号	已婚	2603	因学	2016-05-03
798872	451503712510268034	伍童释		284138	习压路呀价社区32号	丧偶	4241	因病	2015-12-17
203095	270501873081268205	华脑修		534989	纪听路压蜖社区53号	离婚	4197	缺技术	2019-01-12
714506	465259424557731103	柳孩换	男	565034	价副路景赛社区71号	离婚	2204	因残	2016-12-24
277607	153698008435590916	昌科此	女	575704	需油路临备社区42号	未婚	3242	自身发展动力不足	2016-06-27
234368	139942566463728140	周告集	男	175528	破恋路守静社区76号	离婚	3824	缺技术	2018-05-24
104061	240411144526873085	康慢令	女	741907	微餐路顶块社区77号	已婚	4348	缺技术	2015-10-11
338610	512013713786028506	傅责洲		647279	假妙路救买社区20号	未婚	4332	因灾	2014-05-16
416836	585984610285252778	陶汽尔	男	656190	穿塞路塞兰社区22号	已婚	3385	因学	2017-02-17
775464	540829049991767790	任黄味		451803	细差路奶兰社区89号	离婚	2242	缺水	2015-03-24
145955	503736140773603910	茅$应		259030	毛规路善八社区89号		3637	缺资金	2018-01-06
387240	741327913542754075	禹快转	女	160908	共餐路森停社区90号	离婚	2027	因残	2017-07-06
358485	495261221542635733	萧味哭	男	565921	需杰路降议社区77号	已婚	2348	缺土地	2018-07-31
579482	740525325463778418	茅跳忙	女	200116	密伊路副歌社区39号	已婚	2281	缺技术	2016-11-07
455294	589094009628131572	毕边打	男	112823	香预路超专社区41号	已婚	4150	因病	2014-07-11
348214	278301692063530206	常尔救	女	806289	线优路秋纳社区61号	已婚	2104	因学	2018-03-07
252637	462285209562257688	杨场至		443861	易投路供广社区78号	已婚	3835	缺技术	2015-06-15
534085	609244341120264077	汪信香	女	216938	志伊路超笔社区50号	已婚	3243	缺水	2017-10-11
711156	257135259729023998	昌相章		207726	怕鞋路毕密社区89号	丧偶	2912	缺资金	2019-04-24
779434	807263383001116081	喻您答	女	269080	酒规路呀念社区73号	离婚	3959	因病	2015-05-01
733224	544639897107628337	殷书娘		300781	梦财路雷兰社区98号	未婚	3318	缺劳动力	2018-05-06
586871	530453452760694095	潘旅释		856518	苏规路摇亮社区13号	已婚	4366	因学	2015-11-18
456812	251956499636727849	花师睛		739191	阿冰路冰易社区74号	丧偶	2806	因灾	2018-09-30
906070	182791922624501674	奚叫觉	女	578527	香罪路杂阿社区14号	已婚	2388	因灾	2015-11-01
274829	630745476133263636	范諣模		528860	皮授路迷掉社区71号	离婚	2951	自身发展动力不足	2019-08-18
523469	341258334176500189	于千怕	男	707952	准森路负列社区51号	已婚	2436	因残	2016-11-16
183196	303627947751258875	卞令动	男	390784	沉词路健纸社区55号	离婚	4462	因病	2014-12-05
308354	654948372044781024	明市同		476760	调姆路弄梦社区57号	丧偶	2930	自身发展动力不足	2015-05-26
248407	643976062730693516	卫切秘	女	350316	纳规路批查社区65号	丧偶	2091	因学	2016-06-05
319111	403405390619143957	奚降而	女	792651	黄迹路短线社区12号	已婚	3947	因灾	2018-02-07
869724	154624823813462405	常娘取		854077	兰既路靠纪社区51号	已婚	2387	缺资金	2015-08-29
397673	348408686266371621	郎属乡		198968	京浪路祖怀社区73号	丧偶	4412	缺技术	2015-10-28
701871	796894200984741858	奚手满	女	643037	兰势路善笔社区20号	丧偶	4025	缺劳动力	2016-02-05
452318	342700929326244049	杨安善		118696	默鸟路救存社区1号	已婚	2518	缺土地	2016-06-27
831086	800108424325345539	明狗务		667109	般妙路鸟试社区48号	丧偶	2835	缺土地	2014-07-21
159403	155474973190870796	项像独	女	844699	存江路束单社区69号	离婚	4331	因学	2019-08-06
332647	766474318491925952	谢响闻	女	626247	幸毕路挥易社区47号	离婚	2545	缺技术	2017-03-11
203359	671848695216027621	孟广布		138383	赛迷路守除社区78号	离婚	3375	因病	2016-02-15
611822	147637816517005901	余活就	女	692672	钟耳路批梦社区9号	丧偶	3172	缺劳动力	2014-06-23
354791	374226648645843859	苏床江		633077	买悲路势买社区86号	丧偶	3966	因学	2016-05-08
305514	223324458921146045	宋革已	女	807564	改悲路弄持社区83号	离婚	4221	因残	2014-05-13
295825	811938701498321632	何何通	女	206464	卡暗路油义社区87号	丧偶	3726	缺土地	2018-07-10
534064	221589206364505874	柏甚博	男	767613	考奖路拥试社区69号		2365	缺水	2016-01-06
837921	763461967734664628	柳近际		136790	仅既路免据社区29号	已婚	2452	缺技术	2015-06-19
213687	475869446789516945	平諣刻		555661	线鸟路缺单社区54号	未婚	3267	缺水	2018-10-08
382822	247825180687180694	鲁帮朝	男	764929	具松路呀痛社区63号	离婚	4056	交通条件落后	2019-01-13
395960	436434480188156579	郝等海		646589	务敢路挥究社区84号	丧偶	3035	缺土地	2015-05-10
961070	493931924436106465	赵和带		466194	存孤路遍习社区30号	未婚	2156	因灾	2019-06-05
551330	594212920849439196	韩河鲜		812420	试康路势停社区47号		2989	自身发展动力不足	2019-04-28
270748	688266769512324406	乐沙降		651597	众珍路鲜酒社区26号	丧偶	2422	自身发展动力不足	2014-02-07
584523	458926954458860559	贺确提		598546	初药路批议社区80号		3646	自身发展动力不足	2017-01-17
334532	433938855409205411	汤王抱		419628	蜖预路府富社区11号		3405	缺土地	2016-06-02
382565	603523500521178046	董色光		311551	费武路负千社区95号	丧偶	4259	缺资金	2019-08-22
390474	512809499832258959	吕程希		369673	仍模路乡突社区12号	已婚	2121	缺资金	2015-10-05
323802	113915219108309344	顾妇力		311728	注伙路既穿社区83号	未婚	2045	缺水	2018-08-16
608170	319432105006805459	戴恩远	女	202439	脑罪路降专社区87号	离婚	3588	缺水	2015-09-20
165078	467595356363737325	赵每探	男	430764	永杰路败共社区82号	已婚	3916	缺土地	2019-11-11
416116	548729779150114056	米苦救		469698	显油路拥礼社区47号	丧偶	2504	因病	2014-04-28
750689	521355265021419561	廉衣照		850935	专归路忍验社区40号	未婚	2618	因病	2015-04-06
333664	386208312082201081	邬权刚		394890	某技路敢参社区60号	丧偶	2851	缺劳动力	2019-07-04
131333	412290917673644165	俞张利	女	145792	梦毫路狗破社区71号	离婚	2943	因残	2016-09-06
580276	548618412894776158	项等以		125781	仍授路降味社区77号		4117	缺资金	2019-10-18
937898	138554509821426190	时戴优	女	775068	某熟路阵皮社区36号		2594	缺劳动力	2014-01-14
663766	540321959708415533	顾升同		807714	消伴路忍密社区17号	未婚	4389	缺劳动力	2016-10-09
368599	192970021157992814	邹祖落	男	180777	脚戴路模座社区43号	丧偶	2432	自身发展动力不足	2018-08-03
963778	385949553062878539	卫下或		397543	响暗路技初社区39号	未婚	2170	缺劳动力	2015-01-15
221652	472229334324183886	尤换盖		656242	永忆路迹参社区45号		4127	因病	2019-07-12
905301	815838493257352005	任右派	男	416697	响散路雄幸社区80号	离婚	4415	缺技术	2015-07-11
277998	397483849811324971	余熟真	女	214413	赛划路技掉社区49号	丧偶	2551	因灾	2018-06-23
488383	488322968650817338	邹居观		628387	响换路忍跟社区52号	离婚	3129	缺水	2019-02-22
756080	375946036432601451	鲍谈完		213146	居祖路雄黄社区42号	已婚	4298	缺土地	2014-08-27
667662	805563081579049050	傅伯光		592576	际江路九注社区12号	未婚	3814	交通条件落后	2018-04-08
344944	515186349266836397	袁判北	女	791637	料降路戴议社区58号		3494	缺技术	2017-08-27
301167	457397387937133981	贝免站	男	523930	纪模路乱息社区68号	已婚	3547	因残	2019-02-04
600087	401051125988190585	顾暗热		360764	阿环路增千社区28号	未婚	3488	因灾	2014-08-09
412345	747515945966504819	安夜知		293328	跟顶路伊座社区92号		3551	缺劳动力	2014-07-07
369629	529398687503645159	陶左条		699891	诗餐路遍怕社区97号	未婚	3066	缺水	2014-10-15
797322	185756452655676959	廉从答		135139	试云路环专社区60号	离婚	4429	交通条件落后	2015-05-16
585708	111310091968822728	谢姐火		404907	兰坦路困妇社区98号	离婚	2927	因学	2016-03-01
430404	471420070444605074	萧能非		386391	脚罪路悲破社区20号	未婚	3917	因学	2017-09-22
672635	601094840042500196	廉副升		174129	持塞路守纪社区20号	丧偶	4199	缺土地	2014-08-04
891687	511260611730964779	倪治鲜		525662	座伊路江毛社区49号	离婚	3658	缺技术	2016-05-23
789154	225180519605358484	魏务春		359653	卡束路伙初社区24号	丧偶	2954	缺资金	2014-11-01
320381	797356695037170420	卞区将		415640	般呀路雷娘社区61号	未婚	2319	因灾	2017-09-23
178335	658228422909844385	岑军需	女	802321	习岛路降专社区53号	离婚	2477	缺土地	2019-07-10
377665	350900037584755611	俞判女		403471	居救路遍香社区26号	未婚	3231	自身发展动力不足	2015-03-14
990343	338682022937382545	安念松		165971	脑奶路担妇社区50号	离婚	3409	缺资金	2014-11-17
974096	368669424650354361	舒双诺		853402	诗森路江灵社区73号	离婚	4310	因灾	2017-11-09
776042	422069967887746685	舒皇叫		323745	联宫路杂幸社区57号		3273	因病	2015-01-10
680419	521466118237543620	和早紧		611306	千村路恶致社区10号	丧偶	3138	缺劳动力	2014-05-18
476128	692354097087916806	薛秋盖	女	416574	究派路乡习社区84号	未婚	2629	缺水	2018-07-03
731632	209750949875261623	纪联助		342024	列派路救基社区70号	离婚	3126	缺技术	2019-10-13
905733	567708205551852229	尤见夏		779590	永采路项除社区36号	已婚	2677	自身发展动力不足	2017-09-07
506716	396831665940051149	谢幸馆	男	685982	虽牌路批纸社区5号	已婚	3957	因残	2018-05-28
259899	309187066545076564	严志冷		599517	列江路恶义社区99号	离婚	2441	交通条件落后	2014-08-22
102611	577343804667155870	元鞋修	女	194750	商萨路秋义社区75号	未婚	4187	缺资金	2015-07-06
317436	519034447246568920	尤学悲	男	326500	虽层路健复社区59号	已婚	3629	因灾	2018-11-10
569598	441022043094915223	任桌学		818327	复挥路餐养社区18号	丧偶	2983	因学	2016-02-06
276452	118089107286336526	成风能		730267	妇康路束诗社区18号	已婚	4270	缺水	2015-05-25
717901	293231894902060895	朱但词		194962	破伊路鸟歌社区80号	未婚	4499	缺水	2017-02-21
385393	264751334984134414	堪正点		415113	纸恶路悲甚社区5号		4085	缺水	2017-04-19
400041	231994266077433472	董错坐	女	564065	香课路修共社区92号	丧偶	3847	缺水	2019-08-06
656677	157691297086079776	舒朋排	男	301528	举临路增独社区69号	离婚	3297	缺资金	2018-11-09
481752	410866892250535490	滕笔加	男	520698	调弹路夏黄社区1号	离婚	2154	因病	2017-09-18
118490	223152362185155800	时蒙火		779864	笔耳路败持社区44号	丧偶	3177	交通条件落后	2019-08-27
706956	635202337966556812	祁注项		172171	卡归路鲜阿社区94号	未婚	2157	缺技术	2014-12-30
228633	726003738149110892	廉庭低	男	229005	某状路靠仅社区1号	离婚	3344	因学	2014-01-28
